Step,batch16,batch64
100,401.5466309,409.2433777
300,383.745636,492.4008179
500,390.9017944,424.2276917
600,427.8474121,439.0606384
725,319.6035156,408.1965637
925,308.4973145,495.2345886
1025,274.1365967,484.6210327
1125,310.7158813,450.8349304
1225,289.741394,404.0481567
1250,281.2189941,398.724762
1350,271.8623352,410.5669861
1450,288.4255676,384.0013123
1550,272.0466309,421.4783936
1650,247.7167969,563.2006226
1750,315.8043823,381.7895813
1850,270.3557434,503.5504456
1975,255.3050842,404.8100281
2175,267.9797058,358.2020569
2275,271.5422058,490.7563171
2475,267.6947021,396.6314392
2700,257.7572021,355.5110779
2800,267.0440369,363.7115173
2900,258.3506775,368.4151001
3000,262.2418823,393.739502
3100,230.2303619,384.7563477
3225,248.034729,270.4071655
3525,247.8272705,347.5050049
3625,249.6608276,401.990387
3750,249.4824677,382.684967
3850,221.8191681,327.4336853
3950,243.309967,311.71521
4050,260.2052612,318.0226746
4150,223.5299988,283.9580994
4250,244.7236176,297.5623474
4375,234.7521515,295.2524109
4475,246.6628113,292.1134949
4775,214.7254028,270.6593323
4875,271.1932983,261.7535095
4975,259.234375,277.3327332
5000,233.2198334,312.7487183
5100,228.2905884,304.9590149
5400,231.0027924,313.8581543
5500,226.5910797,244.5631561
5600,242.5948486,248.1494446
5625,237.1018677,359.647644
5725,246.8460388,302.2411499
5825,245.1726379,242.2180023
5925,223.4454041,241.0146942
6025,229.0378571,277.8884277
6125,226.8639221,246.385376
6225,233.364975,337.5782166
6350,240.0045319,326.9359131
6450,236.0617676,290.9257813
6550,250.8614502,288.5680542
6650,227.19104,271.9726563
6850,226.0862732,268.4188538
6975,233.1812286,301.416748
7075,233.3256836,273.6498718
7275,228.6781464,356.924408
7375,231.4745941,313.3355408
7500,231.5305328,310.543396
7600,231.8902435,305.4844055
7700,239.3898163,325.2343445
7800,231.7589874,258.2177734
7900,241.0614166,265.8583374
8000,224.5134125,285.9725037
8125,241.6736145,291.8844604
8225,246.9172058,308.5301514
8325,221.1276398,271.1986084
8425,240.8383636,269.375824
8625,239.8920593,307.0440674
8850,231.040329,297.730957
8950,237.3802338,254.6899261
9050,249.2915955,241.6192932
9150,220.2194672,254.0980835
9350,239.5411224,259.2984009
9375,226.1174011,272.1715393
9475,265.2562866,282.2290344
9775,230.7108612,273.2222595
9875,240.6288757,279.4501038
10100,245.6576385,288.510498
10400,227.0882721,274.110321
10500,230.2627411,241.628891
10600,219.8213654,290.5656433
10625,229.9795837,277.6333923
10725,243.6589203,260.5006714
11025,243.2307129,246.1178131
11125,230.6985321,303.3742981
11225,248.4291229,277.8408203
11250,228.629776,259.1095581
11350,234.6046143,260.3432922
11550,232.0398865,259.4779053
11650,227.0103149,253.3176575
11875,241.2781525,294.5558167
12175,216.6965027,308.5648499
12275,242.299469,261.8813171
12475,235.3939667,276.1537476
12600,222.5321655,274.1985168
12700,228.4388733,269.0817566
12800,225.8964844,286.818634
12900,239.5862579,297.2339783
13000,244.4797058,238.8686676
13100,238.4228973,259.0148621
13225,248.6288605,273.3591614
13325,230.461853,279.2083435
13425,216.3621521,292.8120422
13525,232.9898682,281.5212708
13725,219.0546722,261.5782471
13750,227.0047607,263.0401306
13850,226.9110565,280.0746155
14050,233.9915924,257.8102112
14150,227.3926544,248.2870178
14250,239.574585,258.4936523
14375,217.0024872,277.5455322
14475,260.8890076,264.276062
14675,227.4813232,244.1573181
14775,232.8039551,250.901062
14975,231.5939026,245.0762024
15000,232.0699158,314.7019348
15100,218.4255066,301.2532349
15300,232.3359833,246.68396
15400,230.9293365,259.2891235
15625,233.3464661,259.5507202
15725,242.1607666,231.9735718
15825,230.0193176,256.5490723
15925,235.5385132,265.1696777
16125,236.912735,244.8382874
16225,226.0374146,248.6468658
16350,239.9049835,256.4925232
16550,217.0762482,223.9559326
16650,231.2493744,257.444397
16750,241.7819519,266.4060364
16850,230.9477234,250.1694946
16975,219.2107697,239.1420593
17075,221.6236877,256.7834473
17375,218.5504761,249.9547272
17700,233.7129364,263.2903748
17800,226.6400757,246.1295013
18100,222.269455,244.7957153
18125,227.937912,236.1792297
18325,224.9109802,254.8333893
18425,216.3202362,234.0842133
18525,212.250412,262.2971497
18625,220.4099274,263.4263611
18725,225.9957275,251.3032379
18950,218.5619507,264.0125427
19050,223.0551605,235.4327393
19150,222.3013153,234.2560883
19250,226.7874451,266.00177
19475,231.9937744,239.9409943
19575,230.2839508,253.3472595
19675,238.1868591,238.5212097
19775,240.894928,263.0472412
19875,243.5776062,246.9988251
19975,219.2246094,254.2385559
20100,219.1262665,231.8247528
20200,228.0148163,271.6288757
20300,232.7770386,254.6039886
20500,229.7616425,260.1115723
20600,222.5969238,289.7703552
20625,220.9002533,250.2893066
20725,224.214798,268.7026062
20825,226.5538177,247.1510315
20925,219.5915833,229.3260956
21025,234.8765717,263.7846375
21225,220.5680542,234.6275177
21250,232.0636292,231.3682861
21450,227.7449036,232.6029663
21850,241.892807,241.8459625
21875,220.2488251,225.0941467
22075,231.1659698,239.3607635
22175,220.7273865,246.167984
22275,227.2058716,233.6613922
22375,220.8432922,255.7855377
22475,227.3655396,236.433548
22500,236.4871674,259.1483459
22600,226.0405121,228.5710297
22800,218.6261139,233.1846008
23100,218.2335663,237.6627655
23125,228.4460449,221.7227783
23225,228.6264801,268.7356873
23325,225.3786469,226.8744049
23525,230.1479797,238.7745056
23725,260.6491089,243.9757538
23850,244.8346863,230.7279663
24050,219.8521423,239.2893677
24250,227.6328735,237.9978485
24350,219.8849335,269.9726868
24375,232.0535583,267.6751404
24475,229.2077332,230.7172394
24575,230.945755,244.5889282
24775,220.1822968,243.1984406
24875,229.798996,234.2749786
25000,228.524704,205.7175446
25100,236.2573853,251.8144989
25200,231.9022827,254.3525696
25400,217.5372772,237.7175446
25825,214.4212189,234.6429749
26025,232.0988007,264.0629578
26125,227.275528,223.2142487
26250,225.9069519,238.386795
26350,231.6869965,222.4440308
26450,222.3772278,222.3234863
26550,219.0761261,233.0810242
26650,233.937439,239.3200989
26750,234.1978912,222.6667328
26850,231.1168823,224.6545105
26875,247.6100769,229.8755646
26975,245.7662811,232.1181335
27075,237.9056244,230.4581299
27475,214.4482574,281.2323914
27500,227.7126312,269.1197815
27700,234.2446747,237.7924042
28000,231.3482971,224.6587067
28325,233.8040466,232.9694977
28425,224.4592438,232.2325439
28525,239.8270569,220.3085327
28625,222.9762573,215.3121185
28750,216.2315826,228.6900482
28850,222.9465027,232.9344635
28950,226.1104889,227.2322693
29050,230.0017395,253.5345154
29150,221.0672913,235.4275208
29250,224.7185516,219.6645813
29475,246.7006836,220.3532562
29575,231.2342224,216.2263489
29775,232.4687042,270.0441589
29975,232.9889374,235.6097565
30100,234.5792389,228.6846313
30300,225.6641541,257.439209
30500,236.1590729,234.4017029
30600,231.488678,227.9472351
30625,234.0256653,247.458786
30725,235.1492004,240.904129
30825,218.6703644,218.3207245
30925,224.7812958,217.0783844
31025,218.4190521,239.7005463
31125,214.2224121,228.7951508
31225,219.9045258,255.4635315
31350,219.9862061,220.6648865
31550,220.7532349,245.4014282
31650,226.5274048,238.2146759
31850,211.9488831,221.4460144
31975,220.2357483,264.5066833
32075,234.7883148,236.485199
32175,223.497406,231.9322815
32275,227.3993683,254.5549011
32375,231.8279114,246.3336487
32475,231.0189209,211.7636108
32500,221.049408,294.2272339
32600,228.13414,259.9913635
32700,221.0092621,250.0378723
32800,225.0770264,270.736084
32900,219.3962097,259.5357056
33100,210.9470062,212.5101318
33125,224.9417877,219.145813
33325,232.3362274,266.6220703
33525,223.6453705,232.1651306
33625,227.909668,249.3777008
33725,225.8983154,245.4550018
33750,225.6364594,221.5694427
33850,221.2336578,226.2418518
34050,230.9745789,218.9643097
34150,226.3667908,247.5819092
34350,215.2654419,278.3754883
34375,226.934845,224.4322357
34475,224.3158112,235.1328125
34575,217.5258331,229.8768921
34675,238.7787628,216.1681213
34875,235.3377838,241.8134766
34975,229.2600861,237.5979919
35000,232.7509918,212.8515015
35100,218.0452118,220.2521057
35400,236.7637787,249.5513458
35600,233.2633362,243.8502808
35625,219.9147186,214.9409027
35825,233.955307,226.3634491
35925,240.4353333,286.2888184
36025,221.6916809,221.2750397
36225,230.6703491,244.6268158
36250,228.3251648,233.6186829
36450,221.6793823,218.730896
36650,241.9714661,219.8755493
37075,217.4658508,225.5423431
37175,217.8659363,250.5667419
37475,220.3187256,211.7770844
37500,229.687149,220.9145203
37600,223.381897,239.6363068
37700,224.2877502,233.8740845
37800,238.5680084,227.0335846
37900,224.6730194,215.1708679
38100,217.0400696,226.86586
38225,235.1462708,231.7107391
38425,228.4544067,246.5426025
38625,234.7042389,235.8622742
38850,241.9896088,285.1864014
38950,219.540329,239.935257
39250,218.5808868,219.2855988
39350,220.2952881,220.2247009
39375,217.4407196,223.5248871
39475,220.5778809,247.8181915
39675,226.2357635,223.9592285
39775,231.5299683,231.3225403
40000,215.9955444,252.8465729
40100,231.1745453,217.8324127
40200,227.7959442,233.966217
40300,227.312851,219.9622955
40600,217.9801331,229.113327
40625,220.9029236,224.1254578
40825,245.9176636,207.8984528
40925,229.0912018,231.1011047
41025,223.9015198,212.1197052
41125,222.5020599,223.5244751
41225,231.2360992,233.3854828
41250,222.0518036,226.4741821
41350,221.4429321,232.8506317
41450,223.6511688,230.0550232
41550,237.3029633,229.2755737
41650,220.8435822,239.7007294
41750,233.2305298,212.8827515
41850,230.238205,224.7297058
41875,229.1321106,223.0501404
41975,221.8902435,298.447998
42075,223.0068054,235.2733002
42275,227.385498,230.3293304
42375,235.3727722,229.566864
42600,226.1427612,222.2082977
42700,224.1328583,274.3278503
43100,214.0677032,247.3972626
43325,222.4500275,236.6949921
43425,217.981308,244.8406067
43625,218.4648438,266.3950195
43725,221.51091,222.567749
43850,224.3854828,214.2979279
43950,233.9460297,223.2609558
44050,232.0469971,236.0947113
44350,234.9091797,237.8708649
44375,216.8586578,213.4248047
44575,228.6375275,229.4240417
44975,221.8219299,217.7918091
45000,218.695343,257.2704163
45200,230.6809387,234.6427155
45300,241.5816956,258.4683533
45400,224.9165955,215.9346313
45500,231.2685242,262.1202393
45600,233.0079041,219.205658
45625,223.8772888,244.0843506
45725,224.8081055,301.7337341
45925,224.4470367,224.8166962
46025,218.9553528,235.4033508
46125,238.5196686,218.1961823
46225,220.6184082,228.7311554
46250,238.8817902,262.8400269
46350,230.3027496,269.599762
46450,211.2198181,226.117981
46750,222.0918121,290.3969421
46850,224.3613739,234.613205
46875,230.8897247,254.562439
47475,223.636673,217.2993011
47600,227.2787628,272.7454224
47700,236.0270081,261.5962524
47800,219.1867676,214.1933746
47900,221.1324463,224.7324982
48000,233.5146179,228.3949738
48100,232.1702576,247.9611053
48125,242.3525085,266.6077271
48225,226.4335632,213.1276398
48325,234.6750641,212.5422821
48425,237.8570862,212.1125488
48525,230.7815552,272.4253235
48625,230.2669525,290.9073181
48725,220.6630249,245.1570892
48750,226.4281616,230.0714417
48850,222.875946,236.4519806
48950,220.1114807,235.4055481
49050,233.7043304,219.8968658
49250,233.5598602,225.2484894
49350,215.083252,214.3009949
49375,215.227066,235.8333588
49575,226.7867737,211.8312531
49775,225.2036285,219.5388947
49975,226.9067383,229.6737061
50000,220.04599,270.7668152
50300,223.4441376,212.0475769
50400,233.1548309,220.8136597
50500,227.3999329,214.1100922
50625,234.2274475,251.8070374
50725,219.0621643,216.9411926
50825,216.4898071,235.2035675
51025,236.1628113,250.9503479
51125,229.2213135,221.8404999
51225,229.3712769,232.7543488
51250,229.2027588,227.2958374
51450,223.9832764,252.9002533
51550,222.0421295,236.8040161
51650,226.6492615,243.753006
51750,220.6216125,224.5322266
51850,220.2523193,218.8529968
51875,221.5880432,227.7916565
51975,220.7563477,228.2812042
52075,227.7205658,272.6311646
52175,222.217514,215.8150482
52375,228.8074646,216.0767365
52475,223.4542847,233.9866791
52500,225.588562,254.3840637
52800,225.7232208,227.9844513
52900,219.0454102,225.8461761
53000,237.9471588,235.8393555
53125,228.1613159,240.9722137
53225,236.7335052,241.6843109
53325,220.283783,218.415451
53425,234.6857758,233.5531158
53625,220.2821808,243.0844879
53725,224.4529877,244.5393829
53750,224.9507599,248.3172607
53850,223.9434662,216.8668823
53950,225.1974792,236.3865204
54150,231.7671967,211.4988556
54350,227.6442871,227.9791718
54475,219.2754974,226.0895081
54575,233.0784607,226.732666
54675,216.4084625,222.2310486
54975,223.616745,220.9850769
55300,222.2229767,235.47435
55400,222.6774597,221.3302307
55500,241.376297,230.4024963
55600,231.3541718,226.4929352
55625,233.6594543,224.6401978
55825,227.8869629,251.1388702
55925,237.6195221,237.3310699
56225,229.8939819,244.0930328
56250,224.1771545,258.6426086
56450,225.9993591,237.4276581
56650,218.8653412,239.5936432
56750,227.8494873,232.1500702
56975,229.9339752,235.7952423
57175,223.6835022,256.2790527
57275,233.5878601,221.8878174
57375,234.2451935,269.2659912
57475,225.6719666,238.476593
57500,213.0213776,237.3631744
57600,223.5526276,212.393631
57700,222.0591431,217.8760986
57800,210.4827576,231.7624207
57900,224.2544403,222.6691132
58000,242.8401489,258.2268982
58100,226.9970398,219.6889954
58125,223.016449,208.0100861
58225,217.9825287,209.1598053
58325,220.2211151,241.4757233
58625,224.891922,240.2983246
58725,217.4813843,225.7436523
58850,232.4090576,215.9674072
59050,243.315506,232.0612488
59150,218.8694763,249.2282257
59250,237.3155975,230.6570892
59350,227.0651245,217.8733521
59375,225.2415009,251.6763458
59475,239.096756,218.0280304
59575,215.8638153,231.5791779
59675,230.886795,238.3540955
59775,230.1380463,218.9070587
59975,222.4603119,234.3184967
60000,225.5323181,204.3157196
60100,228.2462616,221.2647552
60200,218.6131439,227.0340576
60300,228.5800781,219.3894501
60500,232.0534668,250.2392883
60600,228.1683807,214.805954
60625,222.346283,248.4181366
60725,234.6847534,253.0631256
60825,224.1210938,231.9036255
60925,223.5483246,216.2471619
61025,222.2340546,234.1832123
61125,230.5013123,206.506897
61225,229.9559174,257.5914917
61250,222.4384613,229.6420593
61350,221.3536682,213.7519226
61450,237.065033,240.5175629
61550,227.9664612,221.2022095
61850,231.5706482,222.7033539
61975,230.0346222,264.1866455
62175,219.2464142,224.814209
62475,214.638031,226.23349
62500,217.6726379,230.6479187
62600,235.3011932,221.3369904
62700,227.853775,233.36763
62800,221.7256622,231.6598969
62900,230.1391449,202.699707
63000,224.6948547,257.6469421
63100,223.8700104,238.8048553
63125,228.9624329,224.002655
63225,213.9230652,236.4557495
63325,217.8343506,219.5610046
63425,225.4091949,209.923111
63525,228.8597412,227.1286621
63750,229.8604126,252.293869
63850,220.0215454,216.6810913
63950,226.811676,244.2554321
64150,229.6890564,246.6530151
64250,215.6853485,234.0160065
64375,219.5155334,254.0448914
64475,223.6058655,242.1416168
64575,226.841156,258.1503601
64675,209.7568512,224.3787384
64775,218.0858765,229.3402405
64875,228.1546783,226.0128479
65100,232.2355194,215.1100006
65200,235.0087128,248.6844177
65300,227.3968506,227.0239716
65625,216.7861176,223.1286316
65725,216.3452301,228.6975861
65925,216.0481567,228.407135
66025,228.9959106,223.1061707
66125,221.5771027,219.4104462
66225,219.4006805,242.7999878
66350,230.8067322,217.9221191
66550,246.5518951,221.7124481
66650,222.0588684,245.090683
66750,233.8320313,219.8114166
66875,222.0946655,219.1977692
66975,221.456955,219.1696167
67075,220.6571655,253.5273438
67175,237.0592804,227.1803284
67275,221.1573334,221.1928558
67375,222.4560089,222.2274628
67475,219.7762756,249.3423309
67500,225.7300262,213.104187
67800,221.4396362,239.8052979
67900,226.4866638,252.3336182
68100,232.5861359,212.3585968
68125,220.8699646,220.2715759
68225,231.8866425,215.7359467
68325,230.9770508,222.852005
68425,233.4279327,227.2017212
68525,233.0778656,263.9859314
68725,226.090332,223.5856781
68750,224.274231,214.4985046
68850,219.6350098,229.6057739
68950,212.5124359,221.3114777
69050,224.173233,239.4190521
69150,235.8603058,236.9778442
69250,224.9440765,237.2932892
69350,222.9975433,254.4815521
69575,237.9868011,220.8486328
69675,213.2597656,219.4951172
69875,246.9496307,245.4195251
69975,213.4177856,245.9538269
70000,226.6749878,206.2891235
70100,220.4854584,219.0650482
70300,215.9037781,242.3869324
70500,217.4804077,231.6256866
70600,220.050827,259.2390442
70625,219.2846527,212.4418793
70725,223.4298096,223.7451172
70825,219.2400513,216.3699646
70925,220.5334625,248.1529541
71025,220.7099457,226.2181854
71125,232.2453003,241.6283112
71250,231.074295,222.0195465
71350,212.0737762,222.5067139
71450,221.1416473,214.4226227
71650,219.9315491,222.5955048
71850,223.5676575,227.2097778
71875,219.8534851,254.9962463
71975,219.560257,230.1932373
72075,220.348999,236.6357117
72175,223.395752,214.1713562
72275,231.8775482,228.7831879
72475,223.7907715,226.6429749
72500,230.5838928,215.8915253
72600,222.7850647,220.4551392
72800,226.1076813,228.0562592
72900,220.5246582,238.650116
73100,234.4311218,230.7158966
73325,221.7112274,224.8223267
73525,229.2779388,216.5948944
73625,221.461319,226.2353363
73725,232.7864075,226.5004425
73950,215.7044983,212.4998474
74050,212.6699219,211.7420502
74250,217.6820526,219.263855
74350,218.891983,236.6598511
74475,218.0129547,221.677948
74575,218.2670441,214.6968689
74675,227.6641541,262.8048706
74875,231.0452881,243.6123199
74975,212.4075928,230.4812164
75200,221.7023315,239.0218964
75300,220.6758423,225.0813599
75500,233.6767578,226.2521973
75600,227.5936584,213.4711304
75625,218.5160065,220.7375641
75725,222.5954132,226.3530579
75925,228.9341736,214.1994476
76025,224.8170624,253.0769196
76125,218.4457855,238.3041077
76225,222.5199127,218.0330353
76350,239.7441711,226.118866
76550,224.353653,221.2512207
76750,241.3982239,249.5691528
76850,209.2102509,219.4788666
76875,227.578064,210.2166443
76975,232.4494629,237.2599182
77075,221.2503357,220.4973602
77475,233.0190582,213.1347656
77500,229.8246307,217.5071106
77600,236.2194672,224.1781158
77700,229.3153534,221.2677307
77800,225.6021423,216.5772247
78000,240.6573181,237.4139709
78100,226.9692841,246.4619598
78125,223.2756653,212.8762207
78225,226.7068634,221.7608643
78325,224.6236725,217.8358002
78425,215.5144806,249.1556091
78525,231.2115173,215.7456665
78625,234.2848511,217.1109314
78725,226.3097839,209.6425018
78750,231.9954987,217.6092529
78950,221.4093933,242.4777527
79050,220.0650177,242.6717224
79150,236.3827515,219.4208679
79250,218.6623535,220.0848541
79350,243.6788177,217.5503235
79375,225.3690948,220.6477814
79475,236.0606689,242.1687469
79675,237.0634766,237.2940826
79775,227.578537,218.2971344
79875,226.1797943,224.0622101
79975,221.3082733,241.4869843
80000,237.5138092,229.2810974
80100,233.6424408,236.7728882
80300,217.1578827,224.4631958
80400,228.5749054,235.144577
80725,233.4341125,235.0238037
80825,233.7494049,212.0801849
81025,222.4715424,205.8344269
81125,219.2179871,219.7401123
81225,241.3961029,226.5486298
81250,234.8535614,233.4297333
81350,218.2309875,209.5165863
81450,224.2171173,230.4969482
81550,243.4033203,233.3652954
81750,233.9866028,226.3067932
81850,219.6060333,223.1300201
81875,224.0563354,208.0707245
81975,239.1852112,258.1594238
82175,231.4068909,235.9713287
82275,223.1450348,230.2965088
82375,219.3626862,265.4332275
82475,230.6898804,225.2587891
82500,224.424408,215.039978
82600,232.4329834,221.3472748
83100,236.8543243,260.3161011
83125,232.4250793,244.9394531
83225,214.1999207,239.5080261
83325,217.2572632,231.649704
83425,224.810318,216.6017303
83525,231.8074951,248.2705383
83725,234.8302155,213.6087189
83850,224.1667328,220.0062866
84150,221.0190735,213.0549316
84250,212.4493866,250.2524567
84350,226.7194824,241.3904724
84375,218.5657043,225.845932
84675,233.3235168,237.3269653
84775,218.7288208,229.487442
84975,230.0737152,209.8917542
85000,212.1096649,222.3965454
85100,221.962738,235.2816162
85200,217.4220886,214.6051178
85400,212.4139099,213.2410431
85500,233.6414337,216.0502625
85600,233.3442535,263.1097717
85625,230.0625305,232.634491
85725,238.8903046,207.2008514
85825,218.6300507,221.2207489
85925,236.713623,256.6172485
86025,215.6400604,203.8854523
86125,233.676712,236.6064301
86250,217.0866394,218.6604156
86350,220.753479,243.15625
86550,239.0204468,264.1342468
86750,212.5788269,244.1401825
86850,229.1203766,249.7157135
86975,217.0200806,212.4231262
87175,228.2049255,213.1342621
87275,229.1746979,252.525589
87375,218.1648865,241.7471619
87475,242.5759583,224.6737061
87700,216.7312317,240.4404297
87800,236.3255005,246.8491058
87900,224.1946106,218.2862396
88000,231.927124,222.3032532
88125,227.8433075,251.8985596
88225,229.6031036,220.6200714
88325,235.1364899,225.0784149
88425,220.234314,229.2190399
88525,214.105423,222.657074
88750,219.1487732,226.9623871
88950,220.1412506,240.1156921
89050,222.5279083,246.4599609
89250,225.3275909,239.6301727
89350,235.6385956,241.4669495
89475,218.4755554,239.0250244
89575,226.4830475,252.4460602
89675,237.7745667,219.7705841
89775,222.2312775,213.0018768
89975,223.4956512,257.3522644
90000,221.9481659,241.2449036
90100,241.3441925,212.8968201
90300,230.3888092,229.6092529
90400,242.5794983,207.9225616
90500,236.6971588,239.9987183
90600,228.0860443,240.186142
90725,223.4422455,225.1438751
90825,219.2606812,249.15802
91025,230.3757629,227.2378235
91250,227.7383881,227.7721863
91450,221.3765411,199.9192047
91550,225.4824371,216.7909546
91650,229.3379059,258.8265076
91750,229.4962006,222.7782745
91875,232.4390259,229.6504059
92075,221.6134644,245.1104889
92175,222.6205292,217.6001129
92275,229.0898132,217.950882
92375,219.2351532,233.3071136
92475,225.7416992,212.1312561
92500,224.3475494,232.5014191
92600,207.6819763,262.0698242
92700,229.2670746,248.2599792
92800,242.4059906,238.1988678
93100,220.0527039,204.6280823
93125,223.8208771,220.3234406
93225,218.8404694,237.6724396
93725,228.8151093,241.3098907
93750,216.5795441,237.9064789
93850,238.6279907,243.133667
93950,220.9224854,216.0232697
94150,224.9386139,238.4627991
94250,227.6156464,215.7650146
94350,228.7028503,247.2895355
94375,221.2535858,215.4882813
94475,233.9974976,234.7222137
94975,217.2105865,225.3948059
95000,239.7869415,218.2963409
95100,234.6016693,231.5163422
95200,235.2043152,237.04245
95300,224.3036957,260.7850342
95400,235.4131622,257.3208618
95600,222.9064941,255.0003357
95625,226.3054504,223.021286
95725,220.019928,281.7836304
95825,217.4081573,237.4042053
95925,221.2241058,239.7248077
96025,228.4965515,234.2661438
96125,224.5304565,222.0123901
96225,232.0103607,242.6921387
96250,221.5657501,235.3554993
96450,235.6958466,217.2054138
96550,216.8150482,218.2991333
96650,219.7464447,215.3592834
96750,228.6447906,257.725647
96850,216.1786346,216.7817993
96875,223.5573273,233.0081635
96975,232.1466217,238.6797943
97175,214.2263031,221.9439545
97375,228.2459717,233.1331024
97500,237.3185577,252.9206543
97600,221.7211151,225.460022
97700,231.8241882,224.7994385
97900,219.2188568,256.3894958
98100,236.9661713,216.6228027
98125,228.8862,216.7421722
98325,226.4077301,217.7060547
98525,232.7319946,227.8270569
98625,218.2861176,235.9971619
98725,231.1362305,238.9705048
98850,222.7397766,224.6776733
99150,235.0756073,233.2376709
99250,243.4528961,230.0843201
99475,222.4423981,237.4942474
99575,220.1941376,242.656723
99675,223.5700531,232.5312042
99975,234.604126,240.6846313
100000,220.5163116,221.133255
100200,238.613678,226.2308044
100300,230.0771179,236.0708008
100400,215.7422333,228.9656677
100500,221.6050415,223.3253937
100600,221.764267,221.7750244
100625,226.8509216,213.8526917
100725,236.3690948,234.1501007
100825,219.3955536,231.6365814
100925,220.2959442,211.4266052
101025,238.2722168,228.5687103
101225,217.7376556,219.9928741
101250,227.7806091,234.1847382
101350,213.2973175,212.9166718
101650,235.2774658,215.0896454
101750,225.4367676,252.3700104
101875,223.5420074,220.0849609
101975,237.6674805,220.7225189
102075,217.1381531,224.5285645
102175,266.4775085,218.3566742
102375,226.8634033,232.8583221
102475,249.1694946,227.1102753
102600,219.5633545,220.2127533
102700,240.4012146,232.7780609
102800,234.9718933,233.8846741
102900,221.6742401,228.1040344
103000,226.1309662,240.0478821
103100,242.0881042,229.1728821
103125,218.5531006,273.1138611
103225,216.0610199,214.4405518
103325,227.8640289,224.6071472
103425,226.5432739,227.4797668
103525,230.0511169,229.6431732
103625,230.339325,252.7169037
103725,226.3217621,225.1653442
103750,236.8683472,224.6175995
103950,230.5606232,217.6408997
104050,216.3475647,216.8077698
104150,228.4425812,244.9598541
104250,221.2578583,223.7843628
104375,220.3117981,256.0820923
104475,216.5947113,219.6683502
104875,228.937439,221.7195435
105100,216.1773071,213.8368683
105400,230.0453949,213.714798
105500,223.8836517,220.1547241
105600,232.5023041,221.0402222
105625,222.5840759,220.6227722
105825,235.65448,221.2863617
105925,234.7212982,244.3595581
106025,218.6856995,220.9302826
106125,233.3723602,220.2485046
106225,229.7023621,233.3495941
106350,223.1360168,244.6821289
106450,220.6509552,235.0012665
106550,220.059906,232.0025482
106650,243.7990875,224.4556885
106750,226.3536377,233.1455231
106850,242.981369,234.2043152
106875,228.3360748,219.1729126
106975,218.3508606,240.5120697
107075,223.8832703,240.220459
107175,219.3700409,223.0354462
107275,224.9768524,202.8648224
107475,230.9951477,216.3618011
107500,247.181488,209.1729584
107700,227.3088531,220.9134369
107800,229.1773071,216.1745148
107900,215.6966858,216.2279968
108100,226.1481934,255.6300812
108125,231.1055908,229.8154755
108225,238.0830841,213.1226807
108325,231.8452454,230.5106964
108425,228.9481964,242.282135
108525,219.6811371,230.3088989
108850,234.0817871,213.2770233
109050,227.6459808,230.6537781
109350,226.9607086,215.6590881
109375,231.2212524,235.1438599
109475,213.0755768,239.7137146
109575,235.1643677,239.459671
109675,218.7570801,219.3951721
109775,227.0929718,221.2037964
109975,235.2655792,229.1280823
110000,229.6201172,216.8137207
110100,222.4568787,216.9603271
110200,223.7254639,227.4784241
110300,232.7104645,239.083313
110400,215.3177795,220.5905762
110500,226.4862366,224.0731812
110600,209.5380707,228.0043182
110625,223.360672,234.0832062
110725,227.5406952,200.744751
110925,238.0672302,211.4557343
111025,227.3531494,221.3373413
111125,231.8881378,237.4676361
111250,223.1165314,234.5101318
111350,230.1866302,249.3857422
111450,227.9898682,223.047699
111550,223.6586914,212.3346863
111650,226.9016418,215.2744446
111750,220.5602264,215.8195648
111875,234.5025024,236.9544067
111975,230.591507,234.0402527
112075,226.4610748,267.3323059
112175,216.5034332,239.1618958
112275,233.7532349,226.4073029
112375,223.0072327,241.2492065
112475,210.3310547,237.7399139
112600,217.5192871,212.6288452
112700,211.6385803,215.9994659
112800,243.0944519,252.2419434
112900,225.0965881,216.0452271
113000,226.1411896,261.8994446
113100,229.5876007,216.1325378
113125,234.2411041,238.2046356
113225,239.093689,239.6278534
113325,226.0588226,210.3741913
113525,228.8652496,211.0347748
113625,225.6161804,223.9354553
113750,237.6044159,214.1777496
114150,221.8129578,236.195694
114250,227.1962433,228.9578094
114375,235.1668091,230.9557495
114475,230.8570099,222.3785095
114575,231.7179108,261.2193909
114775,228.1997681,248.7933044
114975,233.7302094,219.8029327
115000,233.1089325,240.4404755
115100,240.9001617,250.4812317
115300,226.4029694,211.0105896
115400,223.8744507,220.8880463
115500,238.5473022,237.4131927
115600,235.4216156,228.1588135
115725,223.1239014,215.8845367
115825,244.4346466,249.3901215
115925,230.7028046,213.2801819
116025,229.0800934,217.953537
116125,213.6468506,276.375824
116250,229.6079865,259.094574
116350,260.5151672,213.213623
116450,229.6231384,214.9105682
116650,229.7990417,230.9876556
116750,235.3932953,232.868576
116975,226.770752,229.9490814
117175,219.7906036,246.3082123
117275,231.2291565,274.4280701
117475,227.7412872,257.9474792
117500,230.5236206,240.1296234
117600,220.6603088,243.3586884
117700,240.3675842,221.7480469
117800,224.1313324,232.4311371
117900,220.2874298,225.544632
118000,224.5663605,229.3640747
118100,221.8740692,230.958252
118225,226.0427094,217.5582123
118325,232.0891418,229.0415192
118425,226.6787415,234.1170044
118525,232.3160706,214.4720306
118625,234.6713715,221.6437683
118725,227.0873108,238.7292328
118750,218.6112671,268.585083
118950,231.7734528,219.001236
119050,236.3931732,216.1629028
119150,222.6886444,219.2752686
119250,230.5956421,214.4311218
119350,228.9544983,234.5582275
119375,223.8520966,208.2129974
119675,222.2258606,210.0660706
119875,218.9662781,211.2842255
119975,249.730072,223.2922363
120000,221.9662933,229.3274231
120100,243.922287,259.5570068
120200,219.3419952,229.68367
120300,216.0107117,217.8539886
120400,224.9004059,254.5672302
120500,201.9052582,231.798172
120600,221.6543274,223.2309875
120625,224.7692413,228.5348816
120925,230.4604187,217.1540222
121025,223.103241,213.0151978
121250,222.8603973,226.1454468
121350,221.7207947,225.2489929
121450,232.2886963,203.8455963
121550,221.8196716,236.4019775
121650,210.5686646,244.5525208
121750,229.3621826,245.1082001
121875,217.29776,213.3055115
121975,228.7518463,212.7370758
122075,233.5219574,229.3949432
122175,221.6372833,217.3199921
122275,246.336441,254.44133
122375,225.6569366,224.166275
122475,236.2546082,232.7483826
122600,224.2457886,219.6085815
122700,217.1298828,237.550705
122800,220.433075,248.612793
123000,218.1621094,237.3210144
123100,216.7966003,221.6426086
123125,224.041214,212.8898468
123325,229.2949219,250.1821289
123425,224.1083527,239.7470398
123625,228.6784515,212.5450592
123725,230.4600983,237.7853546
123750,217.6667786,227.9819489
123850,213.8844299,214.6929321
123950,224.697113,214.6272888
124050,219.887207,257.0394592
124250,225.8922272,224.3535004
124350,219.5194244,223.0693512
124575,227.8896332,230.7975769
124775,228.5527954,236.2577362
124975,211.8871002,241.1781311
