Step,lr1,lr2,311,312
42,6.37E-07,6.37E-07,0.029239692,0.01940258
167,0.001582961,0.001582961,0.028363665,0.018857127
229,0.001702857,0.001702857,0.028451625,0.019362323
234,0.001669432,0.001669432,0.028118982,0.019182259
273,0.003933348,0.003933348,0.027451178,0.018893903
474,0.00489983,0.00489983,0.02673142,0.018519808
536,0.00878516,0.00878516,0.026056989,0.01810534
579,0.012778169,0.012778169,0.025318552,0.017627708
586,0.016857868,0.016857868,0.024718,0.017143717
634,0.022964271,0.022964271,0.024027365,0.016706977
647,0.028177803,0.028177803,0.02348069,0.017206136
714,0.034007127,0.034007127,0.022855708,0.016740563
808,0.035496383,0.035496383,0.022970596,0.019199085
1014,0.040209308,0.040209308,0.022385016,0.019157727
1333,0.041977924,0.041977924,0.021949218,0.018896176
1337,0.042471478,0.042471478,0.022273911,0.018858244
1385,0.043885189,0.043885189,0.021678595,0.018538466
1392,0.047695697,0.047695697,0.021422617,0.018173045
1436,0.046706449,0.046706449,0.020928052,0.017850732
1691,0.04869995,0.04869995,0.020570363,0.01831006
1734,0.047727512,0.047727512,0.020202719,0.019305753
1737,0.050759107,0.050759107,0.020012132,0.0191927
1877,0.050306607,0.050306607,0.019668966,0.018957598
1917,0.060400894,0.060400894,0.020055973,0.018913644
2036,0.059183706,0.059183706,0.019947061,0.019106925
2199,0.065516678,0.065516678,0.019667048,0.019845011
2307,0.067879968,0.067879968,0.020601864,0.021780278
2389,0.068082896,0.068082896,0.020146603,0.021646705
2485,0.066859081,0.066859081,0.019760222,0.021604785
2486,0.065650685,0.065650685,0.01944324,0.021428404
2498,0.067568649,0.067568649,0.019677318,0.021600279
2685,0.068805441,0.068805441,0.019516783,0.021928129
3038,0.072242661,0.072242661,0.019323829,0.022045701
3230,0.072457133,0.072457133,0.019222982,0.022756616
3246,0.072688027,0.072688027,0.019176493,0.023297306
3305,0.072950132,0.072950132,0.019014413,0.02341782
3618,0.074349691,0.074349691,0.021137783,0.023056671
3620,0.082128272,0.082128272,0.020999547,0.023030398
3670,0.083056265,0.083056265,0.021587725,0.023241072
3741,0.082070927,0.082070927,0.021748189,0.02442405
3814,0.08140156,0.08140156,0.021663214,0.024473575
3821,0.079207626,0.079207626,0.021876334,0.024109801
3956,0.088006971,0.088006971,0.0228793,0.023923173
4317,0.090023587,0.090023587,0.022728345,0.02424297
4400,0.089435425,0.089435425,0.023407146,0.024600252
4492,0.09236549,0.09236549,0.023848433,0.025595969
4509,0.092574609,0.092574609,0.023404564,0.026416863
4676,0.092332454,0.092332454,0.023106943,0.027414836
4788,0.090595951,0.090595951,0.023143184,0.028478738
4971,0.089544255,0.089544255,0.022978174,0.028088435
5134,0.087975375,0.087975375,0.022595437,0.028934667
5345,0.089890642,0.089890642,0.026283944,0.029780028
5359,0.088018864,0.088018864,0.025991946,0.030178263
5723,0.089498359,0.089498359,0.025581115,0.031020766
5864,0.090170973,0.090170973,0.025546991,0.032045132
5907,0.088316931,0.088316931,0.02528882,0.031995219
5990,0.087111225,0.087111225,0.026497349,0.031759874
6200,0.088114346,0.088114346,0.02703861,0.031539218
6219,0.088822079,0.088822079,0.026996077,0.033668509
6289,0.091589374,0.091589374,0.027104044,0.034472491
6574,0.09295557,0.09295557,0.026895219,0.034102513
6699,0.097796875,0.097796875,0.02764572,0.0350156
6711,0.098000443,0.098000443,0.027240291,0.035247362
6854,0.097206731,0.097206731,0.028997977,0.0361682
6966,0.097342682,0.097342682,0.028508041,0.036405294
7155,0.104982304,0.104982304,0.02836109,0.03637101
7382,0.105443271,0.105443271,0.029105791,0.036706275
7460,0.107206206,0.107206206,0.028714703,0.036780705
7463,0.104948771,0.104948771,0.02862442,0.036454077
7511,0.108086498,0.108086498,0.028132521,0.036365511
7798,0.107681852,0.107681852,0.027523062,0.03603946
7833,0.108158696,0.108158696,0.026988861,0.035516753
7991,0.114213467,0.114213467,0.027610316,0.036805903
8066,0.114993414,0.114993414,0.02733215,0.037799741
8180,0.11456531,0.11456531,0.027175063,0.03786941
8221,0.115164727,0.115164727,0.027425374,0.039205407
8363,0.117524538,0.117524538,0.027265044,0.039096074
8498,0.122823286,0.122823286,0.026890808,0.039631968
8508,0.121549649,0.121549649,0.026754309,0.040238242
8601,0.123246955,0.123246955,0.02680802,0.040025622
8878,0.127051768,0.127051768,0.026824576,0.040704964
8935,0.127340685,0.127340685,0.026759985,0.041014175
8993,0.127742264,0.127742264,0.026534273,0.041230411
9260,0.127454183,0.127454183,0.026476587,0.042100276
9468,0.124323066,0.124323066,0.026393133,0.042670499
9554,0.121467248,0.121467248,0.026719044,0.042694645
9567,0.123459997,0.123459997,0.027379669,0.042420218
9698,0.123380051,0.123380051,0.027088599,0.042138432
9843,0.123752,0.123752,0.027315088,0.042601519
9907,0.12871059,0.12871059,0.027408455,0.043645356
10276,0.133335653,0.133335653,0.027089716,0.044586039
10283,0.132847005,0.132847005,0.026702927,0.044656233
10399,0.134236082,0.134236082,0.026404749,0.044403344
10479,0.133751246,0.133751246,0.026528644,0.044998466
10522,0.133298142,0.133298142,0.0263567,0.044151038
10607,0.134059589,0.134059589,0.026354552,0.045101572
10780,0.135546072,0.135546072,0.026685104,0.045230387
10902,0.135004361,0.135004361,0.026416795,0.045186944
10905,0.134760884,0.134760884,0.026345976,0.046079369
10966,0.136075417,0.136075417,0.026187671,0.046863091
10974,0.137832032,0.137832032,0.02656909,0.046647949
11020,0.139774419,0.139774419,0.026565899,0.045575327
11102,0.140152453,0.140152453,0.027015623,0.045363095
11419,0.142032299,0.142032299,0.026755429,0.045878597
11472,0.141518561,0.141518561,0.028409737,0.046113488
11532,0.140124463,0.140124463,0.028797738,0.046335255
11566,0.136964681,0.136964681,0.029537782,0.047125824
11685,0.134836117,0.134836117,0.029729333,0.048385453
11759,0.133493919,0.133493919,0.030338228,0.048467812
11969,0.134655496,0.134655496,0.030492259,0.047904253
11974,0.133126383,0.133126383,0.030011525,0.04872655
12164,0.134793582,0.134793582,0.030515419,0.050345426
12290,0.134369696,0.134369696,0.03014704,0.050159603
12671,0.133431211,0.133431211,0.030050085,0.050392148
12877,0.130909812,0.130909812,0.031102659,0.049889151
13034,0.132417037,0.132417037,0.03071127,0.051250978
13061,0.135417676,0.135417676,0.030420294,0.052618582
13546,0.13539178,0.13539178,0.030413733,0.052609587
13597,0.135605481,0.135605481,0.030706485,0.05280316
13620,0.136418426,0.136418426,0.030645663,0.053451826
13810,0.138319578,0.138319578,0.031573753,0.053689664
14080,0.139954537,0.139954537,0.031487789,0.053322275
14221,0.140543223,0.140543223,0.031747344,0.054445502
14294,0.141000176,0.141000176,0.032321531,0.055612363
14338,0.141280348,0.141280348,0.032914176,0.055340269
14447,0.144577538,0.144577538,0.032427944,0.056548447
14638,0.145221598,0.145221598,0.033387603,0.056253484
14668,0.146484264,0.146484264,0.033870374,0.05762979
14779,0.146610827,0.146610827,0.034594922,0.057289246
14873,0.146218021,0.146218021,0.035346379,0.058188367
15473,0.145636469,0.145636469,0.036572952,0.05794656
15507,0.145059912,0.145059912,0.03610795,0.05889119
15740,0.14276136,0.14276136,0.037510554,0.060232697
15764,0.143832221,0.143832221,0.037667395,0.059905186
16116,0.14335165,0.14335165,0.037713341,0.060265861
16249,0.14455275,0.14455275,0.037873205,0.059904442
16321,0.147500846,0.147500846,0.037395808,0.060397891
16809,0.148485794,0.148485794,0.038457463,0.061934813
16857,0.146667383,0.146667383,0.038184153,0.062494754
17066,0.145040377,0.145040377,0.039416647,0.062792516
17097,0.147848973,0.147848973,0.039666022,0.064051112
17317,0.149263501,0.149263501,0.039863997,0.064419668
17339,0.147386121,0.147386121,0.040263509,0.065113447
17543,0.147309179,0.147309179,0.03989438,0.065485231
17557,0.14710103,0.14710103,0.040551769,0.067191373
17586,0.147289653,0.147289653,0.041750278,0.068566408
18451,0.148201097,0.148201097,0.042345526,0.067435128
19116,0.146650528,0.146650528,0.041574971,0.068059074
19169,0.14667634,0.14667634,0.04104574,0.071279308
19531,0.144958128,0.144958128,0.041525507,0.072379672
19640,0.143739463,0.143739463,0.044615079,0.072828771
19654,0.142839088,0.142839088,0.045252599,0.071587239
19731,0.146444485,0.146444485,0.044374684,0.071811405
19846,0.147605704,0.147605704,0.045014089,0.071836301
19995,0.148747666,0.148747666,0.045064494,0.072303488
20053,0.148178617,0.148178617,0.045161539,0.070902104
20062,0.147199292,0.147199292,0.044603397,0.073042437
20138,0.144589671,0.144589671,0.046276842,0.07597782
20244,0.14571268,0.14571268,0.04565952,0.074062229
20252,0.146718116,0.146718116,0.045764115,0.074147993
20323,0.148772668,0.148772668,0.045504277,0.074617439
20440,0.147598826,0.147598826,0.046672958,0.076096398
20539,0.155921766,0.155921766,0.04819823,0.07783727
20540,0.155221371,0.155221371,0.047684333,0.077822194
20578,0.154008519,0.154008519,0.048275178,0.077640839
20779,0.153824284,0.153824284,0.048080995,0.078496857
20782,0.156213624,0.156213624,0.048125239,0.077790477
20831,0.153257999,0.153257999,0.048467745,0.078340992
20855,0.153327825,0.153327825,0.050781703,0.080730134
21080,0.150254982,0.150254982,0.051671777,0.082265731
21144,0.153087392,0.153087392,0.050713361,0.083880375
21232,0.151953661,0.151953661,0.050604087,0.082681006
21319,0.151458526,0.151458526,0.050620497,0.083148032
21391,0.153424652,0.153424652,0.051838767,0.083658028
21523,0.153139004,0.153139004,0.052864533,0.083898971
21848,0.152734802,0.152734802,0.052012945,0.083414664
22245,0.151560306,0.151560306,0.053295715,0.082415272
22292,0.151633735,0.151633735,0.052830677,0.084586754
22330,0.154842525,0.154842525,0.051841325,0.082610058
22358,0.15698769,0.15698769,0.051302011,0.086393982
22472,0.158047442,0.158047442,0.051041851,0.086731527
22840,0.157266478,0.157266478,0.051248213,0.08692944
23138,0.156313847,0.156313847,0.052445585,0.088721886
23148,0.15789785,0.15789785,0.053296274,0.091339386
23192,0.156973918,0.156973918,0.054266918,0.093156417
23218,0.16072327,0.16072327,0.056726038,0.091429044
23286,0.159738694,0.159738694,0.055834644,0.090209478
23361,0.160232937,0.160232937,0.055925751,0.089304341
23427,0.157919277,0.157919277,0.056486217,0.090802301
23540,0.158697576,0.158697576,0.056423991,0.09146963
23670,0.157452076,0.157452076,0.057148441,0.09147242
23681,0.157289325,0.157289325,0.056813048,0.092129224
23701,0.159533723,0.159533723,0.058082686,0.092286934
23938,0.156941751,0.156941751,0.058938851,0.091123364
24147,0.160873953,0.160873953,0.058573904,0.092893554
24282,0.160307213,0.160307213,0.058613813,0.093709771
24284,0.158937076,0.158937076,0.057575082,0.093960824
24322,0.159372109,0.159372109,0.057298037,0.093888207
24345,0.161356687,0.161356687,0.057362543,0.093317194
24621,0.160478845,0.160478845,0.058342277,0.093079049
24719,0.158141381,0.158141381,0.058135171,0.091584868
24727,0.159346331,0.159346331,0.059338775,0.09245222
24901,0.161591849,0.161591849,0.060886809,0.093664218
24934,0.162688298,0.162688298,0.061518396,0.091685798
25008,0.163910642,0.163910642,0.061370366,0.093797228
25253,0.164921379,0.164921379,0.062169906,0.094287841
25332,0.172276522,0.172276522,0.06296278,0.094314008
25391,0.171697728,0.171697728,0.064019443,0.095129697
25812,0.173901232,0.173901232,0.064397884,0.096906851
25847,0.175478235,0.175478235,0.065455038,0.097998668
25921,0.176857101,0.176857101,0.070600373,0.097599917
26066,0.179533216,0.179533216,0.071531898,0.097729161
26155,0.180663208,0.180663208,0.072910711,0.100170212
26303,0.177171514,0.177171514,0.0716438,0.099206085
26470,0.176589699,0.176589699,0.071841291,0.100102868
26797,0.173448941,0.173448941,0.072956041,0.102368316
26798,0.176176114,0.176176114,0.073984427,0.102642757
26829,0.175031316,0.175031316,0.075347606,0.103451959
27142,0.17803543,0.17803543,0.075924418,0.101667273
27154,0.175188999,0.175188999,0.07581369,0.102412272
27158,0.178833334,0.178833334,0.075618436,0.104058428
27159,0.17674765,0.17674765,0.075345612,0.105118349
27274,0.177105956,0.177105956,0.074796962,0.105247216
27505,0.178928929,0.178928929,0.075164209,0.104222877
27603,0.178519459,0.178519459,0.076327002,0.105383661
27638,0.175238205,0.175238205,0.074818395,0.104349857
27825,0.175092878,0.175092878,0.075376908,0.105612281
27916,0.176611652,0.176611652,0.075519352,0.107327714
27968,0.177818578,0.177818578,0.076793716,0.109784379
28438,0.181068548,0.181068548,0.078523585,0.108038188
28451,0.178874543,0.178874543,0.080466322,0.10838803
28543,0.180822787,0.180822787,0.080132222,0.108611328
28572,0.180183764,0.180183764,0.0792478,0.10908613
28970,0.177097932,0.177097932,0.081060463,0.109209149
28996,0.175568677,0.175568677,0.082534233,0.109892786
29062,0.17521459,0.17521459,0.084128625,0.111787358
29201,0.177822428,0.177822428,0.084428118,0.11308634
29263,0.175813316,0.175813316,0.084239652,0.112022057
29471,0.175978069,0.175978069,0.082852203,0.111417861
29487,0.178533374,0.178533374,0.08165574,0.109545193
29561,0.17934441,0.17934441,0.084260642,0.112565422
29611,0.177804235,0.177804235,0.084679137,0.109783141
29829,0.175942885,0.175942885,0.085601703,0.111979315
30005,0.176262067,0.176262067,0.085680033,0.111192781
30031,0.173926781,0.173926781,0.086576026,0.112375577
30092,0.17541751,0.17541751,0.088409163,0.112766608
30174,0.174682662,0.174682662,0.087905136,0.114883066
30243,0.172905037,0.172905037,0.089250807,0.114242072
30327,0.176197653,0.176197653,0.089130241,0.113482424
30470,0.171232913,0.171232913,0.091036307,0.11655315
30612,0.169359194,0.169359194,0.093442798,0.117572982
30706,0.166742079,0.166742079,0.095925339,0.120046161
30720,0.17269789,0.17269789,0.098289156,0.122344984
31406,0.174724695,0.174724695,0.098501633,0.124036985
31443,0.177155533,0.177155533,0.101126541,0.123724963
31696,0.175445303,0.175445303,0.103879399,0.12686849
31880,0.17924112,0.17924112,0.103837942,0.127940181
31936,0.181236935,0.181236935,0.105899282,0.129480194
31945,0.181506037,0.181506037,0.106241865,0.12958197
32004,0.180298788,0.180298788,0.106518291,0.128213098
32174,0.178897499,0.178897499,0.107681861,0.128827565
32207,0.180723513,0.180723513,0.1094715,0.128658939
32435,0.179548135,0.179548135,0.107042172,0.127745649
32542,0.178734869,0.178734869,0.107075802,0.12831177
32657,0.17960095,0.17960095,0.109512978,0.129587749
32762,0.178999891,0.178999891,0.11032238,0.129892739
32894,0.178775383,0.178775383,0.110598488,0.129471045
32902,0.181558447,0.181558447,0.111565469,0.130922512
33034,0.185734896,0.185734896,0.110281856,0.133753365
33152,0.188786737,0.188786737,0.11047264,0.132923823
33179,0.186568612,0.186568612,0.110976814,0.129584951
33181,0.186413465,0.186413465,0.111800901,0.129971394
33271,0.18596106,0.18596106,0.111520069,0.128367972
33341,0.186129378,0.186129378,0.110854354,0.127411264
33375,0.185546468,0.185546468,0.11215937,0.128603535
33403,0.188358145,0.188358145,0.111240978,0.127733918
33728,0.187313547,0.187313547,0.109978323,0.128094371
33737,0.186686739,0.186686739,0.111028313,0.127555613
33749,0.185264642,0.185264642,0.111344836,0.12673421
33768,0.186117534,0.186117534,0.111265729,0.127232543
33785,0.187854253,0.187854253,0.11021905,0.128323987
33839,0.190530552,0.190530552,0.109712664,0.128621653
33851,0.188403692,0.188403692,0.110366509,0.129329667
33876,0.194462896,0.194462896,0.110584012,0.129672826
33913,0.196945409,0.196945409,0.110518954,0.130968804
34017,0.196975402,0.196975402,0.112295137,0.130338212
34036,0.198767661,0.198767661,0.113649935,0.128738118
34141,0.199635136,0.199635136,0.114562098,0.128704218
34362,0.198472811,0.198472811,0.113525335,0.125944667
34383,0.197226196,0.197226196,0.113776811,0.128266296
34525,0.19563726,0.19563726,0.115040106,0.130043643
34599,0.198803304,0.198803304,0.115989327,0.129389438
34783,0.199427901,0.199427901,0.117302425,0.128628108
35333,0.197217099,0.197217099,0.119476054,0.13001415
35354,0.196810707,0.196810707,0.119363496,0.133403109
35362,0.195808692,0.195808692,0.119649052,0.134573447
35377,0.196317282,0.196317282,0.118255049,0.136339565
35483,0.194263158,0.194263158,0.117464763,0.133396532
35573,0.193617897,0.193617897,0.118732226,0.134156648
35771,0.19163995,0.19163995,0.120374159,0.133935345
35778,0.190847453,0.190847453,0.122153538,0.135748468
35849,0.193055471,0.193055471,0.123832591,0.135535785
35953,0.198505698,0.198505698,0.122960004,0.135030471
35970,0.197383242,0.197383242,0.120345856,0.137501776
36037,0.196160359,0.196160359,0.122063197,0.138327824
36246,0.195378757,0.195378757,0.123302871,0.13891231
36275,0.193094039,0.193094039,0.123559464,0.139042904
36629,0.192931068,0.192931068,0.123477477,0.138099303
36659,0.191917758,0.191917758,0.122888251,0.138186854
36767,0.189455902,0.189455902,0.12428689,0.137759519
36819,0.186262546,0.186262546,0.124957049,0.139442121
36850,0.188798216,0.188798216,0.125121126,0.137639238
36907,0.186690802,0.186690802,0.125332074,0.137472609
37202,0.187758007,0.187758007,0.123792733,0.136145599
37455,0.189113257,0.189113257,0.121737367,0.135575825
37489,0.185907368,0.185907368,0.125708753,0.132407139
37764,0.184933914,0.184933914,0.132614068,0.131020206
37876,0.182697053,0.182697053,0.13148813,0.12944234
38192,0.183470381,0.183470381,0.130012843,0.128436398
38439,0.183234215,0.183234215,0.129883281,0.128632592
38455,0.182614936,0.182614936,0.13506569,0.125550095
38720,0.182789238,0.182789238,0.135214714,0.123847363
38840,0.183565981,0.183565981,0.134321045,0.123619618
38981,0.183581509,0.183581509,0.136645078,0.124717753
39005,0.186158806,0.186158806,0.13628193,0.126599611
39296,0.187372449,0.187372449,0.138829778,0.12758496
39702,0.190398384,0.190398384,0.137128174,0.126814875
39730,0.19338053,0.19338053,0.137260879,0.126586251
39781,0.192994552,0.192994552,0.136269506,0.126588372
39878,0.195054709,0.195054709,0.135991345,0.128468146
39909,0.198005322,0.198005322,0.133960121,0.129091549
39914,0.196811363,0.196811363,0.132685533,0.1297902
40020,0.195521317,0.195521317,0.133022427,0.131228708
40296,0.193397183,0.193397183,0.131795842,0.131115564
40500,0.193071836,0.193071836,0.13248571,0.133037264
40647,0.191518717,0.191518717,0.132819765,0.134811011
40663,0.193963812,0.193963812,0.133129161,0.13528597
40667,0.193743971,0.193743971,0.135339858,0.136893981
40700,0.194315718,0.194315718,0.13657538,0.137191882
40720,0.194176855,0.194176855,0.1370252,0.137043309
40793,0.191271299,0.191271299,0.139548433,0.139476051
41040,0.189587295,0.189587295,0.141069907,0.14047526
41244,0.187311634,0.187311634,0.141672477,0.139945272
41271,0.186654591,0.186654591,0.14448767,0.143040332
41341,0.186874853,0.186874853,0.146479162,0.143133826
41539,0.184971307,0.184971307,0.147091371,0.144104533
41555,0.183157566,0.183157566,0.146681693,0.143996576
42013,0.183314235,0.183314235,0.147130362,0.144677926
42134,0.183856174,0.183856174,0.148299274,0.144581384
42244,0.185738536,0.185738536,0.147781345,0.145121723
42450,0.185405192,0.185405192,0.1494892,0.145042789
42468,0.183336864,0.183336864,0.150547972,0.145103357
42678,0.18172557,0.18172557,0.151817629,0.145859523
42981,0.182059185,0.182059185,0.151702267,0.14738479
43278,0.182994465,0.182994465,0.153108131,0.14979948
43518,0.185720659,0.185720659,0.153637493,0.149686705
43553,0.186525761,0.186525761,0.154019443,0.151301357
43607,0.187011979,0.187011979,0.154470421,0.152192992
43639,0.191036683,0.191036683,0.15715016,0.154082162
43711,0.192470699,0.192470699,0.157831092,0.155644838
43738,0.19268796,0.19268796,0.159545207,0.15629468
43742,0.195024547,0.195024547,0.160626504,0.15755176
43805,0.192195311,0.192195311,0.161636251,0.157962406
43993,0.190281937,0.190281937,0.162454461,0.157665589
44073,0.189308689,0.189308689,0.163071196,0.157276664
44200,0.187460818,0.187460818,0.162476772,0.158004597
44207,0.187858376,0.187858376,0.163650792,0.160586715
44251,0.187818941,0.187818941,0.163743773,0.161322446
44304,0.190672891,0.190672891,0.165169858,0.160689005
44585,0.191782543,0.191782543,0.164882128,0.161839343
44802,0.194313749,0.194313749,0.163335091,0.161229431
44816,0.196393556,0.196393556,0.163396204,0.160740781
44964,0.199372419,0.199372419,0.163380302,0.16165898
45310,0.199342442,0.199342442,0.164206573,0.162739844
45319,0.200763337,0.200763337,0.165543924,0.163571518
45372,0.203954608,0.203954608,0.165171279,0.163106391
45507,0.203097928,0.203097928,0.165660451,0.164383869
45658,0.202125786,0.202125786,0.166155195,0.165421967
46033,0.203479033,0.203479033,0.16630723,0.165296355
46090,0.202724887,0.202724887,0.167218343,0.167379581
46169,0.205788207,0.205788207,0.167675775,0.16945741
46205,0.205261386,0.205261386,0.167959239,0.170300255
46318,0.206845124,0.206845124,0.16818237,0.171565496
46334,0.204321996,0.204321996,0.167393184,0.171725704
46413,0.207489756,0.207489756,0.167855701,0.172824121
46499,0.210693668,0.210693668,0.168750882,0.172701205
47241,0.21227483,0.21227483,0.168173379,0.172612389
47301,0.209095804,0.209095804,0.16872247,0.173858722
47321,0.20871479,0.20871479,0.168089383,0.173398068
47489,0.208660753,0.208660753,0.170652219,0.174252771
47585,0.206734482,0.206734482,0.169558741,0.173735968
47638,0.209530123,0.209530123,0.169715659,0.173622413
47669,0.208900631,0.208900631,0.170426192,0.17359546
47705,0.208263332,0.208263332,0.170953197,0.173792563
47744,0.207002158,0.207002158,0.171464813,0.172407427
47882,0.210207819,0.210207819,0.171630888,0.172266397
47947,0.208908931,0.208908931,0.170699629,0.16941332
47970,0.204913384,0.204913384,0.169702257,0.169257763
48076,0.205875944,0.205875944,0.170581277,0.169596057
48181,0.208270542,0.208270542,0.170437169,0.169043706
48227,0.207820973,0.207820973,0.171113982,0.170321678
48522,0.208514862,0.208514862,0.171463665,0.17152976
48844,0.209638726,0.209638726,0.171586817,0.170520543
49272,0.210665891,0.210665891,0.172358596,0.17011766
49326,0.211770189,0.211770189,0.173892101,0.170490151
49351,0.210341523,0.210341523,0.175238139,0.168955519
49477,0.208721029,0.208721029,0.175830726,0.169553079
49558,0.207032886,0.207032886,0.17487503,0.16967798
49619,0.204427948,0.204427948,0.173209769,0.168303718
50006,0.202939478,0.202939478,0.174178386,0.171065269
50056,0.20065733,0.20065733,0.174480309,0.171444783
50149,0.206201044,0.206201044,0.175541662,0.173033611
50165,0.208015908,0.208015908,0.175378061,0.172257244
50195,0.207833903,0.207833903,0.174278519,0.170541102
50268,0.20975356,0.20975356,0.174021085,0.170856445
50629,0.210442817,0.210442817,0.173863926,0.171690952
50819,0.21602805,0.21602805,0.174534992,0.171311477
50979,0.213392565,0.213392565,0.175359736,0.171397103
51134,0.21453767,0.21453767,0.176206734,0.17238117
51227,0.211250884,0.211250884,0.175824486,0.170849567
51282,0.210293071,0.210293071,0.176374165,0.171210071
51342,0.207933611,0.207933611,0.176439112,0.171263494
51750,0.20686009,0.20686009,0.175227404,0.172561575
51798,0.209103125,0.209103125,0.175722973,0.172173025
51806,0.2072243,0.2072243,0.176587362,0.172770927
51954,0.213225456,0.213225456,0.176302985,0.173217625
52001,0.213718863,0.213718863,0.176571453,0.173370744
52067,0.211917483,0.211917483,0.177682666,0.174384997
52237,0.211913973,0.211913973,0.177953607,0.175500804
52292,0.210557345,0.210557345,0.177874432,0.177530692
52353,0.211262274,0.211262274,0.179369954,0.17872892
52510,0.211709174,0.211709174,0.17791804,0.176763465
52528,0.20956329,0.20956329,0.179414415,0.17882351
52682,0.206621747,0.206621747,0.179617353,0.17919546
52906,0.209928364,0.209928364,0.17934851,0.178924933
52939,0.209351308,0.209351308,0.179230848,0.180162118
53092,0.207531403,0.207531403,0.179381809,0.178938189
53107,0.205369116,0.205369116,0.180810289,0.180555011
53468,0.205769444,0.205769444,0.183199336,0.177456727
53706,0.206689143,0.206689143,0.184194635,0.179333626
53713,0.206211709,0.206211709,0.185115235,0.180545003
53717,0.205532878,0.205532878,0.186384191,0.180425961
53721,0.205930402,0.205930402,0.186550711,0.180596266
53862,0.204589345,0.204589345,0.18627172,0.180382941
53906,0.204702132,0.204702132,0.184242364,0.182399843
54072,0.205775588,0.205775588,0.184159405,0.183107654
54087,0.204746235,0.204746235,0.184659798,0.183022053
54108,0.202293245,0.202293245,0.186112452,0.183202279
54123,0.203496913,0.203496913,0.184591405,0.183000684
54241,0.204303379,0.204303379,0.183425921,0.182303957
54691,0.203149957,0.203149957,0.182789182,0.181272683
54807,0.203804479,0.203804479,0.183736675,0.18210085
54937,0.203350664,0.203350664,0.183116065,0.179807176
54982,0.200010758,0.200010758,0.183390649,0.18104201
55193,0.201889437,0.201889437,0.184494983,0.180989533
55299,0.199428185,0.199428185,0.183900894,0.181255888
55302,0.198569184,0.198569184,0.183767001,0.181735066
55328,0.198087504,0.198087504,0.18367561,0.180915388
55359,0.199823355,0.199823355,0.183840852,0.181183711
55543,0.199020527,0.199020527,0.18364164,0.181244992
55551,0.197923544,0.197923544,0.184540935,0.182331283
55713,0.198319259,0.198319259,0.185162608,0.183120408
55766,0.199087311,0.199087311,0.185906168,0.183184573
56091,0.200187044,0.200187044,0.186135566,0.183472474
56337,0.201587281,0.201587281,0.185129339,0.183243664
56507,0.202921237,0.202921237,0.185441386,0.183290118
56521,0.204175382,0.204175382,0.18601335,0.184358548
56608,0.204700993,0.204700993,0.187103266,0.184662111
56787,0.20594437,0.20594437,0.187822174,0.184848621
56820,0.206236638,0.206236638,0.189364909,0.185477818
56999,0.206370244,0.206370244,0.191107677,0.186539044
57299,0.20495737,0.20495737,0.192166646,0.186523933
57305,0.203909874,0.203909874,0.191737158,0.187000171
57484,0.204732104,0.204732104,0.192703597,0.188078398
57760,0.204071482,0.204071482,0.193194303,0.18703464
58295,0.204637448,0.204637448,0.195249571,0.187138903
58440,0.201786539,0.201786539,0.194700765,0.188025718
58556,0.201624156,0.201624156,0.193847738,0.188222514
58641,0.202122215,0.202122215,0.194829413,0.189493128
58719,0.201383952,0.201383952,0.195809205,0.189938012
58746,0.201020041,0.201020041,0.196505051,0.188813985
58763,0.198801264,0.198801264,0.197578164,0.190932016
59030,0.200998755,0.200998755,0.196319069,0.189936193
59264,0.199433706,0.199433706,0.197923252,0.190756552
59311,0.198240859,0.198240859,0.197173883,0.191151388
59432,0.195225384,0.195225384,0.197548644,0.191822243
59640,0.191657348,0.191657348,0.197535515,0.19139996
59670,0.189762748,0.189762748,0.196434275,0.191485745
59737,0.193685814,0.193685814,0.19680892,0.192408105
60179,0.193135436,0.193135436,0.19776655,0.192619148
60185,0.194091454,0.194091454,0.198495824,0.19230689
60207,0.196344629,0.196344629,0.198513239,0.190679154
60297,0.195871712,0.195871712,0.199170799,0.19146856
60475,0.195742761,0.195742761,0.199253324,0.191544374
61122,0.196181744,0.196181744,0.200003137,0.191947481
61205,0.193873703,0.193873703,0.201375218,0.19227055
61276,0.192935125,0.192935125,0.200538089,0.192671483
61438,0.191968844,0.191968844,0.200579553,0.192259896
61534,0.192786685,0.192786685,0.200728563,0.191912422
61680,0.191002811,0.191002811,0.200698416,0.192131611
62139,0.192268364,0.192268364,0.200777614,0.19204411
62219,0.190639577,0.190639577,0.201458566,0.192501123
62516,0.195416272,0.195416272,0.201434553,0.192991366
62547,0.1973667,0.1973667,0.201996638,0.195210202
62555,0.202667961,0.202667961,0.201378271,0.193166696
62874,0.203477748,0.203477748,0.200404583,0.192459303
63024,0.202114311,0.202114311,0.200071833,0.19200831
63220,0.202476852,0.202476852,0.199425845,0.191278823
63358,0.20261253,0.20261253,0.200076598,0.192079397
63428,0.201705853,0.201705853,0.20103699,0.192206894
63429,0.203820639,0.203820639,0.201983253,0.192251893
63513,0.204486844,0.204486844,0.202395657,0.192382052
63671,0.202153214,0.202153214,0.201455923,0.190612279
63865,0.203005703,0.203005703,0.202254414,0.190866549
63988,0.20310168,0.20310168,0.202622556,0.190190938
64098,0.201776368,0.201776368,0.203004043,0.190418919
64225,0.204963978,0.204963978,0.202936892,0.190531009
64511,0.204207989,0.204207989,0.204451426,0.19231403
64521,0.204528247,0.204528247,0.205641796,0.190865441
64687,0.205809107,0.205809107,0.206147401,0.190611224
64889,0.203900908,0.203900908,0.206279718,0.190440995
65054,0.206130443,0.206130443,0.204775662,0.189920515
65245,0.204403919,0.204403919,0.205380698,0.190190549
65292,0.206113123,0.206113123,0.20608789,0.189475409
65375,0.20830838,0.20830838,0.205449397,0.189028199
65450,0.208498838,0.208498838,0.204798769,0.189731149
65481,0.211303618,0.211303618,0.205573545,0.190834532
65601,0.212290436,0.212290436,0.203718676,0.190497325
65643,0.211441834,0.211441834,0.204121923,0.191428898
65709,0.213427878,0.213427878,0.203831647,0.191643886
65907,0.213688107,0.213688107,0.205168303,0.191683722
66049,0.21148229,0.21148229,0.205811154,0.192343155
66298,0.209126167,0.209126167,0.207598634,0.192405695
66647,0.210517778,0.210517778,0.208112341,0.193222358
66787,0.212067445,0.212067445,0.208052337,0.192971013
66948,0.212808251,0.212808251,0.208645258,0.193670127
66976,0.211056238,0.211056238,0.209000446,0.194188418
67021,0.213480836,0.213480836,0.209442961,0.193370587
67440,0.211877807,0.211877807,0.209573639,0.193134811
67474,0.213433284,0.213433284,0.208967968,0.19350338
67513,0.213440964,0.213440964,0.208057281,0.193794117
68263,0.213248997,0.213248997,0.210428081,0.19444961
68281,0.213063396,0.213063396,0.210782429,0.195229797
68378,0.210096763,0.210096763,0.212295402,0.196209142
68429,0.214804159,0.214804159,0.213202904,0.196601477
68512,0.212504403,0.212504403,0.213910192,0.196616453
68590,0.211797698,0.211797698,0.21407779,0.196489365
68929,0.21409353,0.21409353,0.215273451,0.19689709
68988,0.220451197,0.220451197,0.214435811,0.195615146
69171,0.221676494,0.221676494,0.213948794,0.195055091
69185,0.219231691,0.219231691,0.21411394,0.195013056
69455,0.218248127,0.218248127,0.214414374,0.194623154
69476,0.216061404,0.216061404,0.215536266,0.195700681
69662,0.219171366,0.219171366,0.21745083,0.196251596
69719,0.215048544,0.215048544,0.218424896,0.196796775
69798,0.214557996,0.214557996,0.218516557,0.196167858
69915,0.214682753,0.214682753,0.218312799,0.195449204
70462,0.218483541,0.218483541,0.21672633,0.193400477
70493,0.218385403,0.218385403,0.216840403,0.193731484
70580,0.219204252,0.219204252,0.217061324,0.194485992
70656,0.21938733,0.21938733,0.216502216,0.194707805
70915,0.220382006,0.220382006,0.217077008,0.194712273
70996,0.220853419,0.220853419,0.217770076,0.195502196
71314,0.220659282,0.220659282,0.217289113,0.195638575
71428,0.219954602,0.219954602,0.217448051,0.195483011
71554,0.222128043,0.222128043,0.21823558,0.196051555
71580,0.221449904,0.221449904,0.216499659,0.192221289
71696,0.222058199,0.222058199,0.216500129,0.192059439
71850,0.224087468,0.224087468,0.216959162,0.192408186
71906,0.224453967,0.224453967,0.216768801,0.193219885
71957,0.223754703,0.223754703,0.217170526,0.19246304
71979,0.222643767,0.222643767,0.216391034,0.192760767
72012,0.224516997,0.224516997,0.217155997,0.193800858
72037,0.224850337,0.224850337,0.21725997,0.194825824
72197,0.223369049,0.223369049,0.217714617,0.194839219
72275,0.222383424,0.222383424,0.218081795,0.195707605
72297,0.222891761,0.222891761,0.217458209,0.195998198
72299,0.224166629,0.224166629,0.216014023,0.195715418
72401,0.226368,0.226368,0.216563548,0.196137719
72404,0.226319919,0.226319919,0.217789079,0.1972234
72558,0.22642869,0.22642869,0.21822487,0.196572494
72723,0.224988679,0.224988679,0.217233895,0.196172777
72873,0.225071599,0.225071599,0.215912832,0.195129453
73009,0.226199928,0.226199928,0.216103819,0.195244197
73179,0.227504868,0.227504868,0.216030731,0.195034495
73318,0.227268969,0.227268969,0.215969358,0.194382287
73789,0.229376083,0.229376083,0.216915606,0.194811217
73794,0.228387055,0.228387055,0.218316951,0.195336013
73841,0.228636149,0.228636149,0.219122829,0.195090666
73901,0.227314364,0.227314364,0.219754717,0.195048196
73924,0.231237842,0.231237842,0.219941137,0.196096612
74011,0.231041022,0.231041022,0.220624124,0.196537181
74187,0.228426377,0.228426377,0.220174131,0.194695371
74194,0.228597239,0.228597239,0.219243783,0.194032546
74865,0.225885743,0.225885743,0.219080876,0.194877798
74901,0.226014973,0.226014973,0.217856453,0.194393807
75140,0.223680138,0.223680138,0.218440376,0.19380132
75171,0.221555401,0.221555401,0.218498476,0.192655206
75469,0.217817956,0.217817956,0.219164624,0.194014867
75487,0.217184746,0.217184746,0.216584044,0.19009005
75567,0.215968078,0.215968078,0.217356416,0.18989039
75629,0.216205258,0.216205258,0.218549671,0.190197549
75697,0.214656387,0.214656387,0.218951733,0.190158423
75928,0.21544088,0.21544088,0.219355814,0.190689177
76056,0.217623436,0.217623436,0.219805914,0.190817259
76099,0.218091041,0.218091041,0.220799389,0.191429554
76218,0.219869876,0.219869876,0.220041985,0.191349827
76431,0.220023577,0.220023577,0.220842149,0.192124746
76482,0.219462211,0.219462211,0.219749655,0.191862404
76626,0.218153389,0.218153389,0.21981559,0.191755321
76673,0.219933954,0.219933954,0.220938298,0.192768295
76705,0.219637718,0.219637718,0.220655623,0.193715814
76790,0.21923147,0.21923147,0.219937499,0.191616161
76906,0.221835188,0.221835188,0.219465561,0.191156848
76913,0.221290003,0.221290003,0.219568432,0.190933471
76924,0.217063808,0.217063808,0.220006795,0.191502351
77198,0.217569664,0.217569664,0.220062842,0.190812949
77324,0.216321809,0.216321809,0.219324615,0.189423573
77460,0.218423538,0.218423538,0.218520491,0.187078137
77530,0.219908263,0.219908263,0.217258381,0.185910555
77643,0.218261863,0.218261863,0.217410235,0.185669145
77802,0.216725233,0.216725233,0.217594754,0.186403216
77901,0.216855536,0.216855536,0.21765289,0.186501186
78135,0.216976237,0.216976237,0.216799456,0.186322964
78208,0.214425755,0.214425755,0.21785719,0.187111996
78265,0.213175822,0.213175822,0.217637064,0.186303293
78775,0.214456608,0.214456608,0.217671755,0.187007217
78843,0.215502366,0.215502366,0.217701609,0.187243108
78920,0.214796106,0.214796106,0.218895251,0.188254567
78934,0.214055725,0.214055725,0.218391772,0.188495067
78973,0.21466117,0.21466117,0.217714094,0.187968915
79005,0.215174846,0.215174846,0.216079858,0.186837693
79309,0.214552365,0.214552365,0.216763422,0.187457213
79418,0.213480144,0.213480144,0.216862621,0.187716242
79597,0.213785748,0.213785748,0.21810463,0.188464859
79620,0.213514684,0.213514684,0.219403993,0.189074201
79812,0.212787339,0.212787339,0.21749509,0.186793177
79975,0.2149065,0.2149065,0.216765208,0.186900733
79998,0.21370575,0.21370575,0.216398938,0.185751838
80031,0.2130433,0.2130433,0.217524192,0.186661169
80035,0.211234796,0.211234796,0.216892264,0.186526395
80100,0.213608494,0.213608494,0.216118731,0.187003921
80165,0.215447097,0.215447097,0.215725117,0.186428748
80351,0.215907306,0.215907306,0.216394269,0.186440668
80390,0.215618998,0.215618998,0.217612594,0.186551177
80406,0.212665716,0.212665716,0.216601149,0.186341462
80550,0.213137272,0.213137272,0.217377331,0.186999196
80576,0.211384017,0.211384017,0.218406667,0.188294617
80613,0.213646171,0.213646171,0.21853758,0.18731192
80826,0.214221788,0.214221788,0.21728324,0.186301537
80996,0.211612,0.211612,0.217389963,0.186157579
81015,0.21107141,0.21107141,0.217215431,0.185513905
81117,0.213052051,0.213052051,0.218325158,0.185920132
81381,0.213908655,0.213908655,0.21900153,0.186481324
81494,0.215491222,0.215491222,0.218615,0.187301556
81529,0.21472201,0.21472201,0.217609534,0.187566707
81952,0.215493735,0.215493735,0.218734764,0.187738463
82080,0.219162771,0.219162771,0.217366353,0.187701795
82736,0.216347413,0.216347413,0.215616212,0.186517076
82770,0.215997217,0.215997217,0.215046488,0.186454345
82831,0.218417047,0.218417047,0.215889084,0.186798758
82849,0.219790213,0.219790213,0.215831861,0.186211573
82924,0.224525637,0.224525637,0.216274986,0.186917312
83075,0.224873199,0.224873199,0.215340482,0.188141087
83127,0.224121278,0.224121278,0.217106604,0.189172742
83267,0.224089908,0.224089908,0.216330234,0.189798031
83510,0.224511656,0.224511656,0.216737221,0.189824183
83762,0.220443648,0.220443648,0.216304783,0.189863644
83923,0.221040085,0.221040085,0.216050209,0.189608433
83971,0.220900882,0.220900882,0.21612015,0.189640904
84165,0.21805616,0.21805616,0.216930118,0.189896381
84197,0.214828069,0.214828069,0.216351992,0.189189739
84205,0.215195214,0.215195214,0.215589735,0.188732266
84394,0.215174009,0.215174009,0.215108609,0.188976804
84409,0.215273288,0.215273288,0.215723634,0.189415984
84475,0.219598762,0.219598762,0.214153411,0.18997903
84601,0.222144752,0.222144752,0.213950041,0.190135602
84686,0.221873286,0.221873286,0.214032046,0.189973696
84740,0.221727303,0.221727303,0.214638411,0.190078278
84818,0.223888356,0.223888356,0.214708378,0.188549799
85020,0.221320422,0.221320422,0.21405347,0.189097143
85052,0.222698755,0.222698755,0.214398799,0.18992291
85089,0.220142004,0.220142004,0.214383993,0.190903692
85169,0.220247783,0.220247783,0.214531184,0.191004517
85320,0.220651995,0.220651995,0.215683031,0.191998524
85508,0.220440501,0.220440501,0.215499133,0.191932767
85539,0.219115215,0.219115215,0.215064119,0.192015173
85572,0.220080783,0.220080783,0.21572796,0.192229023
85686,0.221429309,0.221429309,0.215521974,0.192621973
85749,0.22177032,0.22177032,0.216054446,0.193466209
85985,0.225893193,0.225893193,0.217054292,0.193824726
86014,0.226199766,0.226199766,0.216831983,0.193614181
86452,0.223897596,0.223897596,0.217038449,0.193669867
86642,0.222824597,0.222824597,0.217047642,0.19404639
86649,0.223910957,0.223910957,0.21806905,0.194988445
86780,0.225771169,0.225771169,0.218437267,0.195894201
86793,0.225300378,0.225300378,0.218225779,0.196678573
86839,0.226876006,0.226876006,0.218254702,0.195494622
86865,0.226875543,0.226875543,0.218353346,0.196448576
87008,0.231686624,0.231686624,0.218238136,0.196731199
87393,0.228993718,0.228993718,0.218211098,0.197134788
87450,0.229018124,0.229018124,0.21836273,0.197189064
87556,0.226513149,0.226513149,0.218095898,0.197304963
87621,0.22262063,0.22262063,0.217901882,0.198229733
87666,0.22265716,0.22265716,0.217799033,0.19857532
87829,0.223040948,0.223040948,0.216283867,0.197710979
88093,0.224380101,0.224380101,0.215439749,0.196518021
88137,0.22384621,0.22384621,0.215221346,0.196109075
88374,0.226278218,0.226278218,0.215500436,0.195861227
88441,0.225493123,0.225493123,0.214800032,0.196123475
88674,0.225965951,0.225965951,0.214442877,0.195411786
88766,0.224088666,0.224088666,0.214661871,0.195621854
88815,0.224119607,0.224119607,0.215371987,0.196023807
88922,0.22355198,0.22355198,0.216526295,0.196836421
89262,0.224281977,0.224281977,0.216112649,0.197082879
89347,0.227595668,0.227595668,0.214704896,0.196801584
89363,0.229657486,0.229657486,0.214788575,0.19626793
89745,0.229803508,0.229803508,0.215205391,0.197560376
89762,0.230093407,0.230093407,0.217137208,0.199486855
89873,0.229312378,0.229312378,0.217411749,0.199362072
89892,0.229435151,0.229435151,0.217633162,0.199672942
89973,0.228841112,0.228841112,0.21799369,0.199237477
90035,0.228423551,0.228423551,0.217510966,0.198942975
90237,0.227732755,0.227732755,0.217992454,0.199370348
90450,0.226491114,0.226491114,0.217365166,0.199788924
91074,0.226001933,0.226001933,0.217572332,0.199743084
91094,0.22660422,0.22660422,0.218594417,0.201063981
91300,0.228299721,0.228299721,0.219266311,0.201081584
91474,0.230833461,0.230833461,0.218978073,0.201428048
91624,0.230849367,0.230849367,0.21844044,0.201500222
91644,0.230646528,0.230646528,0.218272311,0.202503103
91647,0.231737244,0.231737244,0.218572351,0.202834223
91709,0.233328147,0.233328147,0.218637637,0.203287174
91732,0.231753727,0.231753727,0.219103845,0.203166743
91735,0.232304136,0.232304136,0.219134596,0.203033827
92094,0.231823754,0.231823754,0.219975768,0.204296115
92120,0.229893501,0.229893501,0.221018164,0.205204207
92246,0.229896018,0.229896018,0.220654809,0.204886314
92309,0.227466738,0.227466738,0.221359156,0.205823734
92729,0.231744023,0.231744023,0.221924179,0.205916883
92788,0.232768634,0.232768634,0.22227325,0.205353771
92790,0.232525138,0.232525138,0.222677854,0.206192246
92821,0.231732858,0.231732858,0.222480037,0.206073338
92892,0.229135447,0.229135447,0.222819554,0.206485978
93126,0.231473495,0.231473495,0.223499536,0.206892629
93223,0.23320307,0.23320307,0.223017605,0.207211327
93471,0.232195038,0.232195038,0.223136964,0.207378726
93901,0.232349845,0.232349845,0.22365261,0.206869411
94061,0.232120047,0.232120047,0.22460212,0.206493403
94380,0.230106828,0.230106828,0.224901181,0.206468297
94424,0.228077367,0.228077367,0.224550357,0.20644087
94536,0.226709994,0.226709994,0.224777609,0.207515189
94784,0.224942372,0.224942372,0.225495556,0.208530444
94891,0.222992151,0.222992151,0.225424546,0.208752283
95030,0.222274219,0.222274219,0.225281741,0.206700732
95057,0.221915079,0.221915079,0.226063303,0.207246738
95184,0.221140821,0.221140821,0.225688944,0.20638925
95321,0.223046892,0.223046892,0.226020763,0.206676241
95377,0.223856712,0.223856712,0.226161294,0.207107532
95409,0.224050086,0.224050086,0.227969256,0.207811872
95480,0.226434684,0.226434684,0.227886065,0.208886722
95860,0.228054947,0.228054947,0.227792712,0.208513109
95949,0.230507389,0.230507389,0.228202475,0.208342839
95972,0.230287764,0.230287764,0.227699661,0.207999088
96032,0.229164871,0.229164871,0.227676721,0.206727155
96301,0.231249113,0.231249113,0.227008839,0.206176846
96381,0.232818769,0.232818769,0.227835529,0.206406636
96465,0.232034493,0.232034493,0.227576447,0.206442379
96505,0.231614897,0.231614897,0.226943107,0.205829442
96535,0.2331021,0.2331021,0.227308722,0.206365971
96600,0.23240004,0.23240004,0.227127649,0.206292535
96632,0.23232618,0.23232618,0.2257434,0.205310546
97018,0.234623462,0.234623462,0.226350452,0.205943225
97156,0.233635664,0.233635664,0.224888679,0.206254945
97226,0.232055986,0.232055986,0.225145715,0.206356859
97296,0.232228527,0.232228527,0.226108972,0.207267905
97416,0.233198055,0.233198055,0.227564028,0.208257569
97460,0.232021987,0.232021987,0.227268697,0.208666955
97596,0.230449982,0.230449982,0.226906204,0.207929197
97653,0.227658219,0.227658219,0.227164242,0.208277734
97742,0.225459112,0.225459112,0.227070065,0.208648869
97796,0.226098096,0.226098096,0.227140328,0.209722676
97876,0.223273911,0.223273911,0.226914263,0.208907664
97986,0.223228223,0.223228223,0.228332024,0.209659342
97996,0.2232651,0.2232651,0.228777676,0.209717453
98139,0.224328834,0.224328834,0.229267101,0.210487648
98212,0.223399104,0.223399104,0.229582907,0.21075548
98404,0.224181857,0.224181857,0.230751823,0.21010689
98474,0.223995252,0.223995252,0.23049854,0.209775516
98523,0.227181756,0.227181756,0.230122995,0.210058617
98605,0.227237452,0.227237452,0.229750974,0.21127016
98754,0.229488483,0.229488483,0.231075324,0.212389432
98990,0.228188766,0.228188766,0.231955611,0.213322893
99055,0.22847938,0.22847938,0.232591832,0.212698855
99506,0.227141293,0.227141293,0.233262406,0.213490622
99527,0.229511542,0.229511542,0.234454488,0.213970195
99612,0.227613332,0.227613332,0.234579952,0.214131635
99614,0.226156515,0.226156515,0.233523843,0.213976916
99884,0.227251229,0.227251229,0.233482368,0.213029711
100284,0.228551385,0.228551385,0.232370243,0.212701133
100323,0.227981776,0.227981776,0.2328685,0.213175824
100489,0.228571739,0.228571739,0.233368416,0.21378809
100566,0.227456722,0.227456722,0.233858969,0.213745927
100589,0.228463573,0.228463573,0.234522078,0.214715752
100751,0.228161052,0.228161052,0.234096177,0.21492556
100858,0.22788836,0.22788836,0.233640947,0.21455942
100890,0.228898218,0.228898218,0.23481806,0.215408235
100917,0.227869945,0.227869945,0.235437292,0.215354225
100926,0.226100598,0.226100598,0.236415495,0.215464171
100997,0.225189741,0.225189741,0.236345025,0.21535616
101072,0.223920363,0.223920363,0.236510786,0.216226133
101155,0.223047816,0.223047816,0.2368161,0.215932154
101234,0.222575468,0.222575468,0.236197112,0.215258564
101335,0.223784391,0.223784391,0.237913769,0.215358801
101355,0.223718085,0.223718085,0.238295102,0.214782034
101431,0.224453737,0.224453737,0.238830387,0.215585927
101488,0.223728825,0.223728825,0.238942368,0.215417503
101499,0.226477764,0.226477764,0.238738224,0.215883961
101923,0.229555564,0.229555564,0.239349877,0.216463706
101943,0.229989535,0.229989535,0.239937345,0.216835427
102300,0.234708478,0.234708478,0.240360692,0.216760589
102307,0.236825595,0.236825595,0.240592828,0.216909743
102475,0.236075239,0.236075239,0.239736584,0.215851897
102509,0.235652097,0.235652097,0.23951743,0.214601352
102541,0.233488349,0.233488349,0.239414527,0.214262633
102595,0.233032666,0.233032666,0.238416328,0.213604978
102685,0.231238629,0.231238629,0.238132703,0.213061127
102880,0.232256588,0.232256588,0.237862587,0.213578659
102911,0.232240724,0.232240724,0.237931182,0.213517385
102966,0.232237056,0.232237056,0.238043074,0.213537788
103001,0.231590617,0.231590617,0.236803517,0.213235552
103011,0.229339302,0.229339302,0.235637496,0.212100696
103206,0.228423107,0.228423107,0.235760049,0.212509235
103317,0.225884104,0.225884104,0.235947021,0.213041194
103462,0.225119294,0.225119294,0.234589547,0.211754807
103517,0.22662154,0.22662154,0.234521664,0.212195152
103729,0.224276807,0.224276807,0.233663284,0.21238054
103947,0.224979326,0.224979326,0.233624663,0.21229677
104276,0.225813173,0.225813173,0.23231061,0.210984046
104334,0.224673835,0.224673835,0.232536259,0.211138989
104704,0.225152643,0.225152643,0.231400033,0.209136126
104808,0.222362227,0.222362227,0.231164199,0.209098813
104822,0.220283578,0.220283578,0.231037188,0.208923186
104841,0.221442391,0.221442391,0.230932044,0.208826858
104882,0.220122536,0.220122536,0.230488511,0.209126854
104896,0.220255238,0.220255238,0.231302445,0.209972025
104911,0.219203071,0.219203071,0.232742524,0.210421719
104924,0.220283509,0.220283509,0.232459197,0.209355025
104963,0.219611245,0.219611245,0.233197848,0.209890036
105003,0.221654049,0.221654049,0.233726671,0.20990751
105012,0.222561389,0.222561389,0.233254449,0.209697036
105069,0.222020808,0.222020808,0.234263601,0.211096084
105093,0.223387927,0.223387927,0.235102131,0.211435932
105263,0.22346012,0.22346012,0.236526412,0.212930676
105265,0.2226046,0.2226046,0.236756014,0.213118906
105434,0.222854141,0.222854141,0.236717475,0.213257028
105610,0.223780236,0.223780236,0.23530542,0.212326685
105702,0.224156224,0.224156224,0.235376717,0.212371232
105774,0.225052857,0.225052857,0.236063091,0.213537578
105788,0.224362852,0.224362852,0.235141114,0.213325463
105981,0.226268898,0.226268898,0.234790047,0.212728211
106210,0.225444915,0.225444915,0.234673451,0.212572121
106267,0.223520769,0.223520769,0.234220315,0.21237919
106390,0.223895803,0.223895803,0.23497868,0.21214222
106566,0.222839329,0.222839329,0.234541819,0.212300348
106666,0.223541385,0.223541385,0.233134176,0.212365073
106769,0.22229261,0.22229261,0.232877016,0.211920079
107103,0.22037047,0.22037047,0.233151172,0.212253022
107764,0.220605284,0.220605284,0.233473546,0.212684135
107804,0.22047467,0.22047467,0.233792642,0.212597541
107837,0.219844178,0.219844178,0.233001059,0.211451898
108021,0.218565799,0.218565799,0.234075104,0.211473089
108449,0.219157709,0.219157709,0.234211629,0.21124372
108586,0.217856305,0.217856305,0.232440343,0.210814576
108860,0.218509985,0.218509985,0.23202886,0.210545944
109098,0.21785819,0.21785819,0.232261344,0.210742388
109242,0.216555216,0.216555216,0.232363942,0.210519096
109243,0.217609239,0.217609239,0.232046482,0.211719065
109301,0.216908637,0.216908637,0.232123217,0.21139338
109497,0.216271373,0.216271373,0.232098916,0.212021604
109501,0.214598715,0.214598715,0.231656097,0.212092822
109580,0.213249439,0.213249439,0.231986607,0.211440477
109822,0.212935301,0.212935301,0.231334065,0.210869962
110063,0.213243322,0.213243322,0.231383056,0.211544001
110191,0.213533133,0.213533133,0.231851362,0.211884834
110224,0.214625548,0.214625548,0.232006075,0.212063219
110306,0.21755141,0.21755141,0.233853536,0.211326054
110418,0.220226413,0.220226413,0.233562663,0.209997035
110478,0.220043117,0.220043117,0.2344774,0.209570893
110586,0.220429942,0.220429942,0.235488535,0.209824316
110622,0.220506937,0.220506937,0.236255243,0.2103992
110641,0.220220199,0.220220199,0.235770898,0.210705074
110737,0.219672689,0.219672689,0.235273253,0.209989486
110781,0.219216854,0.219216854,0.234559648,0.209669236
111194,0.21819002,0.21819002,0.234530058,0.21072231
111235,0.21796815,0.21796815,0.233470592,0.211100376
111323,0.217661962,0.217661962,0.233595673,0.211538011
111545,0.219059436,0.219059436,0.23367232,0.209445267
111581,0.220911913,0.220911913,0.233130842,0.209405657
111698,0.222091261,0.222091261,0.233221499,0.209063377
111887,0.22169,0.22169,0.23272809,0.208580235
111915,0.221932012,0.221932012,0.233150236,0.209723455
112470,0.223110842,0.223110842,0.233202641,0.209337257
112664,0.223464315,0.223464315,0.23350355,0.210185014
112703,0.224739208,0.224739208,0.233745542,0.208902806
112902,0.223224887,0.223224887,0.23476359,0.209667822
113322,0.224850466,0.224850466,0.234589498,0.209814195
113463,0.225230472,0.225230472,0.233098421,0.2104894
113589,0.225684094,0.225684094,0.233281437,0.210507948
113741,0.225573459,0.225573459,0.234126788,0.211266192
113980,0.225315755,0.225315755,0.234841922,0.211789434
114292,0.225023928,0.225023928,0.235023613,0.211873352
114298,0.225214672,0.225214672,0.234984314,0.211802801
114459,0.225514906,0.225514906,0.236012166,0.211744385
114467,0.22589735,0.22589735,0.236581055,0.211482445
114703,0.226204798,0.226204798,0.236355354,0.211000525
114820,0.22718025,0.22718025,0.237119345,0.211563674
115096,0.226179608,0.226179608,0.237002768,0.211240937
115149,0.225012592,0.225012592,0.237496098,0.211867415
115506,0.224773112,0.224773112,0.23809158,0.212544945
115518,0.224371598,0.224371598,0.237684488,0.212479425
115765,0.22424183,0.22424183,0.238138174,0.212614065
115772,0.22532209,0.22532209,0.239049974,0.211627649
115878,0.22447969,0.22447969,0.239544202,0.211464598
116039,0.224293076,0.224293076,0.238514093,0.21195328
116129,0.224191109,0.224191109,0.238617351,0.21224588
116387,0.223505641,0.223505641,0.238684507,0.212513233
116453,0.225630122,0.225630122,0.239227753,0.212153752
116624,0.227211963,0.227211963,0.238133649,0.211279239
116673,0.23319432,0.23319432,0.237640464,0.211353769
116711,0.234830943,0.234830943,0.236634045,0.21105406
116745,0.234685744,0.234685744,0.236467181,0.210901711
116783,0.235513742,0.235513742,0.237118533,0.211090237
116822,0.235706767,0.235706767,0.236800408,0.211411678
116885,0.236764206,0.236764206,0.236364477,0.210722454
116938,0.237444372,0.237444372,0.236122403,0.210637799
116977,0.234730906,0.234730906,0.235545813,0.210352127
117016,0.237139779,0.237139779,0.235329044,0.209773337
117030,0.237036247,0.237036247,0.236720162,0.210285221
117047,0.239075223,0.239075223,0.237785443,0.210641211
117155,0.237358271,0.237358271,0.237702694,0.209449241
117175,0.239634658,0.239634658,0.237945107,0.209186553
117209,0.239879027,0.239879027,0.238246268,0.209872201
117267,0.239696739,0.239696739,0.239475257,0.210257276
117635,0.237618331,0.237618331,0.239461757,0.21064402
117686,0.236108474,0.236108474,0.239556756,0.210072894
117825,0.236483684,0.236483684,0.239987067,0.209820798
117941,0.236063357,0.236063357,0.239819245,0.20919863
118161,0.235799412,0.235799412,0.239825808,0.209450285
118190,0.234542864,0.234542864,0.240064148,0.209538967
118651,0.235017869,0.235017869,0.239084106,0.208611076
118908,0.235562782,0.235562782,0.238861493,0.208052101
118937,0.23592261,0.23592261,0.239851666,0.208540852
118998,0.234009767,0.234009767,0.240915296,0.208854843
119302,0.234470501,0.234470501,0.240409011,0.208631726
119447,0.236219455,0.236219455,0.240213754,0.208556736
119470,0.235079488,0.235079488,0.239520585,0.208594062
119549,0.235103447,0.235103447,0.238821486,0.209124424
119979,0.236709716,0.236709716,0.238858597,0.208646772
119994,0.237926601,0.237926601,0.238984894,0.208042095
120193,0.238209974,0.238209974,0.239202577,0.208862169
120291,0.237377398,0.237377398,0.23983896,0.208888419
120477,0.236828452,0.236828452,0.240062185,0.208967331
120854,0.236265863,0.236265863,0.239852557,0.208612455
120914,0.236320523,0.236320523,0.239816316,0.208817455
121192,0.237018873,0.237018873,0.2400755,0.208967176
121193,0.235781794,0.235781794,0.239966393,0.209005362
121304,0.236661235,0.236661235,0.238855596,0.209678678
121332,0.234665838,0.234665838,0.239146633,0.209877151
121362,0.234299249,0.234299249,0.239606352,0.20944373
121403,0.233715395,0.233715395,0.239394911,0.209260246
121519,0.234851363,0.234851363,0.239558615,0.209854261
121593,0.236487019,0.236487019,0.240406505,0.210470494
121835,0.235583493,0.235583493,0.239858782,0.210033633
121877,0.234047702,0.234047702,0.240019292,0.210461353
121913,0.233415885,0.233415885,0.241115408,0.210022775
122096,0.235206405,0.235206405,0.241550645,0.211095483
122205,0.235071889,0.235071889,0.241469461,0.212069399
122236,0.232948524,0.232948524,0.241785347,0.212032016
122306,0.23191658,0.23191658,0.241885922,0.212298656
122529,0.233272738,0.233272738,0.242288761,0.211655323
122622,0.229871198,0.229871198,0.243226217,0.21094923
122634,0.227907077,0.227907077,0.242739642,0.210247358
122739,0.228517918,0.228517918,0.242003897,0.210025758
123068,0.226722986,0.226722986,0.24181629,0.2096808
123550,0.224734827,0.224734827,0.2428188,0.209332107
123609,0.225938351,0.225938351,0.243256187,0.208844681
123633,0.227425654,0.227425654,0.242629342,0.208801734
123666,0.226332249,0.226332249,0.242994291,0.209178815
124103,0.229362254,0.229362254,0.244859375,0.20890488
124169,0.227512672,0.227512672,0.244397752,0.20891706
124197,0.226230191,0.226230191,0.243164087,0.208513105
124219,0.226523256,0.226523256,0.243197077,0.208336425
124532,0.226338842,0.226338842,0.24280973,0.208434055
124711,0.225418056,0.225418056,0.243161392,0.208747085
124760,0.226031605,0.226031605,0.243212941,0.208431509
124763,0.224446296,0.224446296,0.243359713,0.208753321
124774,0.224825304,0.224825304,0.244230299,0.209322668
124818,0.224854145,0.224854145,0.244012902,0.20821021
124999,0.22402625,0.22402625,0.246265982,0.209264386
