Step,311,312
42,0.029239692,0.01940258
167,0.028363665240000002,0.018857126539999998
229,0.028451624992800004,0.0193623229238
234,0.028118981843016002,0.019182258816085998
273,0.027451178187725522,0.018893902571603418
474,0.026731419862093757,0.018519807894455315
536,0.02605698866623094,0.018105340407621656
579,0.025318552386244014,0.017627708445393006
586,0.024718000044656692,0.017143716752031215
634,0.02402736536331699,0.016706976969470277
647,0.02348069041241748,0.01720613641038617
714,0.022855707840044953,0.016740562588074586
808,0.022970595814843602,0.019199085130432354
1014,0.022385016340398294,0.019157726676519382
1333,0.021949218210186344,0.0188961756462238
1337,0.022273910753880754,0.018858244346837087
1385,0.021678594811264332,0.018538466446431975
1392,0.021422616966926402,0.018173045133039016
1436,0.02092805184791861,0.017850732119047846
1691,0.020570362602481053,0.01831006037547641
1734,0.02020271867440662,0.019305752534212118
1737,0.02001213222417442,0.019192700008185754
1877,0.019668966177449187,0.018957598377940182
1917,0.020055972952125713,0.018913644496601975
2036,0.01994706098356194,0.019106924881703916
2199,0.01966704824405508,0.019845011345252798
2307,0.02060186389673343,0.021780278274895218
2389,0.020146602589831423,0.021646705456648364
2485,0.01976022246213648,0.021604784522948915
2486,0.019443239508272384,0.021428404127260447
2498,0.019677318033024215,0.021600278923442635
2685,0.019516783172033488,0.021928129275739356
3038,0.019323829406872484,0.022045700737467176
3230,0.01922298199466631,0.022756616025343162
3246,0.01917649294482632,0.023297305724582867
3305,0.019014412696481534,0.02341782047284538
3618,0.021137783395587088,0.023056671188660015
3620,0.020999547433719477,0.023030397843000212
3670,0.021587724900707893,0.023241072247710205
3741,0.02174818941368666,0.0244240502702789
3814,0.02166321371127606,0.024473574802170533
3821,0.021876333989937775,0.024109800628105416
3956,0.022879299930239645,0.023923172829262252
4317,0.022728345392332455,0.024242969714384385
4400,0.023407145690562483,0.024600252052952853
4492,0.02384843279984561,0.025595968521364268
4509,0.02340456429585024,0.02641686279572334
4676,0.023106943436974732,0.027414836261851643
4788,0.023143183993865488,0.028478738493996094
4971,0.022978174154049524,0.02808843475917621
5134,0.02259543744942804,0.028934666576400925
5345,0.0262839437359452,0.029780027619108897
5359,0.025991945733866845,0.03017826308053563
5723,0.025581115091850837,0.031020766308119563
5864,0.02554699077909531,0.03204513171887598
5907,0.02528882020572245,0.0319952187173097
5990,0.026497349169550776,0.031759873705790406
6200,0.027038610334464253,0.03153921762461669
6219,0.026996076564430326,0.03366850933587819
6289,0.027104044117497415,0.03447249069580185
6574,0.026895219123972493,0.0341025131249278
6699,0.02764572039025332,0.035015600141179964
6711,0.027240291048545723,0.03524736192694456
6854,0.028997977277089353,0.036168199869136226
6966,0.028508040638776672,0.036405294043062135
7155,0.02836109029961337,0.03637100986177027
7382,0.02910579064062497,0.036706275075917165
7460,0.02871470291140622,0.03678070450363965
7463,0.028624420344064032,0.03645407729853046
7511,0.02813252116374211,0.03636551122957455
7798,0.027523062458829847,0.03603946015268731
7833,0.02698886090506495,0.03551675295810669
7991,0.027610315737913,0.03680590332936349
8066,0.027332150255775612,0.037799740739482585
8180,0.027175062568102346,0.037869410257298106
8221,0.027425374331059276,0.03920540690957916
8363,0.027265043611127495,0.03909607368229179
8498,0.02689080841279367,0.03963196759182303
8508,0.02675430942040986,0.040238241684068345
8601,0.026808020177797563,0.04002562167354629
8878,0.026824576092463637,0.040704963973339905
8935,0.02675998545968973,0.04101417499413971
8993,0.02653427267589904,0.04123041058431552
9260,0.02647658655562207,0.04210027643678606
9468,0.026393132808953407,0.042670498783682474
9554,0.026719044384684806,0.042694645490172
9567,0.02737966945314426,0.042420217895466836
9698,0.027088599149549933,0.04213843221860283
9843,0.027315087505063434,0.04260151905204474
9907,0.02740845546991153,0.0436453558804834
10276,0.027089716015814187,0.0445860386440689
10283,0.026702926525339763,0.04465623331474683
10399,0.02640474912957957,0.04440334365530443
10479,0.026528644115692186,0.0449984664156453
10522,0.02635669998222142,0.04415103798317594
10607,0.026354551712754776,0.04510157217368066
10780,0.026685103571372132,0.045230387368470244
10902,0.02641679489423097,0.04518694432741614
10905,0.02634597647740404,0.04607936868759366
10966,0.026187671023081917,0.04686309067696585
10974,0.02656908982238946,0.04664794943665687
11020,0.026565898847717775,0.045575327323557166
11102,0.02701562348228624,0.04536309498385045
11419,0.026755428907817652,0.04587859665433494
11472,0.028409737450583124,0.04611348808470489
11532,0.02879773766706563,0.04633525501216374
11566,0.02953778172705366,0.047125823891798826
11685,0.02972933326524205,0.04838545315504486
11759,0.03033822834728479,0.04846781170039352
11969,0.030492259106866246,0.04790425330938171
11974,0.030011524823660256,0.048726549520100255
12164,0.030515419108950448,0.050345425644497246
12290,0.030147040495681933,0.05015960316516233
12671,0.030050084830811473,0.050392148340207464
12877,0.03110265916588713,0.04988915084000124
13034,0.030711269500910517,0.051250978434801205
13061,0.030420293785883203,0.052618581851757176
13546,0.030413732822306708,0.052609587406204465
13597,0.030706485277637505,0.05280315969401833
13620,0.03064566278930838,0.053451825763197784
13810,0.03157375266562913,0.05368966403030185
14080,0.03148778902566026,0.053322274999392794
14221,0.03174734449489045,0.054445501519411015
14294,0.03232153104004374,0.055612362903828684
14338,0.03291417596884243,0.05534026923671382
14447,0.032427943559777156,0.056548446779612405
14638,0.03338760331298384,0.056253484026224036
14668,0.03387037359359433,0.05762978967543732
14779,0.0345949219357865,0.057289245585174196
14873,0.0353463788277129,0.05818836734761897
15473,0.036572952202881516,0.0579465598371904
15507,0.03610794973679507,0.05889119036207469
15740,0.03751055438469122,0.060232697261212456
15764,0.03766739479315048,0.05990518572337608
16116,0.03771334111935597,0.0602658610316748
16249,0.03787320457577529,0.059904441760724556
16321,0.03739580792850203,0.06039789085790282
16809,0.03845746305064697,0.061934812552165736
16857,0.038184152909127564,0.06249475413560076
17066,0.03941664666185374,0.06279251556153274
17097,0.03966602197199813,0.06405111157468676
17317,0.03986399707283819,0.06441966794744616
17339,0.04026350872065305,0.06511344734902277
17543,0.03989438023903346,0.06548523079855209
17557,0.04055176885186245,0.06719137280459553
17586,0.041750277676306576,0.06856640760045765
18451,0.04234552571601738,0.06743512828244393
19116,0.04157497098453686,0.0680590740939706
19169,0.04104573987500075,0.07127930823115149
19531,0.04152550671875073,0.07237967222421694
19640,0.044615078657188216,0.07282877098749042
19654,0.04525259918747257,0.07158723874786571
19731,0.04437468407184839,0.07181140490542974
19846,0.04501408888969294,0.07183630058826684
19995,0.04506449357300215,0.07230348796061883
20053,0.045161539145812085,0.07090210369180026
20062,0.04460339700143772,0.07304243735104625
20138,0.046276841611394594,0.07597781962051486
20244,0.04565951995305276,0.07406222876189943
20252,0.045764114594461176,0.07414799327904245
20323,0.045504277046627344,0.07461743861067117
20440,0.04667295827522852,0.07609639815235103
20539,0.04819823032697167,0.07783727033778051
20540,0.04768433304716252,0.0778221939476471
20578,0.04827517767574765,0.07764083926921768
20779,0.04808099476547522,0.07849685665114114
20782,0.04812523862251097,0.0777904768416069
20831,0.04846774506383564,0.0783409915163587
20855,0.05078170272192058,0.08073013390086795
21080,0.051671776630262956,0.08226573094384192
21144,0.05071336067135507,0.08388037483552666
21232,0.05060408745121441,0.08268100568046086
21319,0.05062049740767798,0.08314803174004703
21391,0.05183876742544764,0.08365802832784562
21523,0.05286453275268422,0.08389897061801026
21848,0.05201294532010369,0.08341466442946995
22245,0.05329571549050058,0.08241527195658585
22292,0.05283067704578556,0.08458675382788827
22330,0.051841325104411994,0.08261005812305162
22358,0.05130201090127963,0.08639398172936008
22472,0.05104185108424124,0.08673152679747928
22840,0.051248213251714,0.08692944040355491
23138,0.05244558539416258,0.08872188648144827
23148,0.05329627405233771,0.09133938586700482
23192,0.05426691769076758,0.09315641732099468
23218,0.056726037920044554,0.09142904350136484
23286,0.05583464411244322,0.09020947760632389
23361,0.05592575068906992,0.08930434134813418
23427,0.056486217208397825,0.09080230103769016
23540,0.05642399057214589,0.09146963048655946
23670,0.05714844051498152,0.09147241999196266
23681,0.05681304784953207,0.09212922448220379
23701,0.05808268553404611,0.09228693431773768
23938,0.058938850658024726,0.09112336417820556
24147,0.05857390378828398,0.0928935535328594
24282,0.05861381321463546,0.09370977080687362
24284,0.0575750815381964,0.09396082434266742
24322,0.057298037132050506,0.0938882068123874
24345,0.057362543398088994,0.09331719404801578
24621,0.05834227741614633,0.09307904924657531
24719,0.05813517144366194,0.09158486848917805
24727,0.05933877506035208,0.09245222046450272
24901,0.06088680895854152,0.09366421841056763
24934,0.06151839583978527,0.0916857976582506
25008,0.061370366214591715,0.09379722823850309
25253,0.06216990610815397,0.094287840941348
25332,0.06296277994490934,0.09431400772310757
25391,0.06401944261656206,0.09512969681141434
25812,0.0643978841680652,0.0969068512170719
25847,0.06545503826302325,0.09799866821055975
25921,0.07060037290513256,0.09759991657424297
26066,0.0715318979279786,0.09772916126701568
26155,0.07291071143013923,0.10017021151900522
26303,0.07164379971723506,0.09920608539343506
26470,0.07184129119571801,0.10010286782163201
26797,0.07295604075984646,0.10236831575698305
26798,0.07398442741705108,0.10264275654427356
26829,0.07534760589453954,0.10345195942794536
27142,0.07592441775770335,0.101667273425107
27154,0.07581368971497225,0.10241227163235378
27158,0.07561843580352309,0.10405842771338317
27159,0.0753456116394174,0.10511834869198168
27274,0.07479696226023487,0.10524721610122223
27505,0.07516420935242782,0.10422287683818555
27603,0.07632700208185499,0.10538366051303999
27638,0.07481839516939934,0.10434985659764878
27825,0.07537690774431735,0.10561228057971933
27916,0.07551935153198783,0.10732771365232775
27968,0.07679371557602818,0.10978437886275792
28438,0.07852358524874735,0.10803818773687518
28451,0.08046632194128493,0.10838802956476892
28543,0.08013222154304638,0.10861132836782585
28572,0.07924780007675498,0.10908613037679106
28970,0.08106046337445233,0.10920914908548733
28996,0.08253423280321875,0.10989278608292272
29062,0.0841286247491222,0.11178735769043505
29201,0.08442811844664852,0.11308633963972199
29263,0.08423965186324907,0.11202205662053033
29471,0.08285220331735159,0.11141786134191442
29487,0.08165574039783104,0.10954519326165699
29561,0.08426064188589612,0.11256542165380728
29611,0.08467913669931923,0.10978314078419306
29829,0.08560170318833965,0.11197931482066728
30005,0.08568003261268946,0.11119278133604726
30031,0.08657602603430878,0.11237557683596584
30092,0.08840916313327953,0.11276660836088687
30174,0.08790513582928114,0.11488306575006027
30243,0.0892508073444027,0.11424207186755846
30327,0.08913024057407062,0.1134824241715317
30470,0.0910363071768485,0.11655315000638576
30612,0.09344279755154306,0.11757298197619419
30706,0.09592533935499677,0.12004616139690837
30720,0.09828915559434687,0.12234498371500112
31406,0.09850163321651645,0.12403698513355109
31443,0.10112654054002096,0.12372496346954456
31696,0.10387939926382034,0.12686849020545823
31880,0.10383794192590573,0.1279401805592945
31936,0.10589928200812855,0.12948019358251564
31945,0.1062418653578847,0.12958196967504015
32004,0.10651829119714816,0.12821309815478896
32174,0.10768186141123372,0.1288275652601453
32207,0.1094715003888967,0.12865893855234095
32435,0.1070421719272298,0.1277456487457707
32542,0.1070758016594129,0.1283117699333976
32657,0.10951297772963052,0.1295877490153957
32762,0.1103223801077416,0.12989273915493382
32894,0.11059848777450935,0.12947104463028583
32902,0.11156546932127408,0.13092251187137727
33034,0.11028185598163585,0.13375336485523595
33152,0.11047263969218678,0.13292382315957887
33179,0.11097681391142117,0.1295849505347915
33181,0.11180090122407853,0.12997139434874774
33271,0.11152006881735617,0.1283679715282853
33341,0.11085435409283549,0.12741126434243674
33375,0.11215937047005042,0.12860353477216363
33403,0.11124097766594891,0.12773391805899872
33728,0.10997832255597044,0.12809437111722877
33737,0.11102831338929132,0.1275556129037119
33749,0.11134483641761259,0.12673420996660054
33768,0.11126572892508421,0.12723254299760253
33785,0.11021904998733169,0.12832398685767446
33839,0.10971266447771175,0.12862165307194423
33851,0.11036650912338039,0.1293296672897859
33876,0.11058401166967897,0.12967282597109234
33913,0.1105189542795886,0.13096880407195957
34017,0.11229513745120094,0.1303382115098008
34036,0.1136499350376649,0.12873811835450677
34141,0.11456209841653496,0.12870421798387158
34362,0.1135253350940389,0.12594466687435543
34383,0.11377681129121774,0.12826629556812477
34525,0.11504010645248121,0.13004364288108103
34599,0.11598932686890678,0.12938943840464862
34783,0.11730242465283958,0.12862810847250916
35333,0.11947605354325438,0.1300141497083339
35354,0.11936349565695675,0.13340310922708387
35362,0.11964905231724805,0.13457344726027134
35377,0.11825504884773061,0.1363395651324632
35483,0.11746476323229868,0.13339653248848932
35573,0.11873222644532973,0.13415664784383463
35771,0.12037415865196983,0.1339353453785196
35778,0.12215353834241074,0.135748468207164
35849,0.12383259081213843,0.13553578536094907
35953,0.12296000385777428,0.1350304712301206
35970,0.12034585558204104,0.137501775673217
36037,0.1220631968345798,0.1383278236430205
36246,0.12330287069954242,0.13891230957372988
36275,0.12355946352855614,0.139042903966518
36629,0.12347747747269945,0.13809930289752248
36659,0.12288825147851846,0.1381868540605968
36767,0.1242868898341629,0.1377595192387789
36819,0.12495704915913801,0.13944212134161554
36850,0.1251211258743639,0.13763923839136707
36907,0.12533207372813296,0.13747260931962607
37202,0.12379273269628897,0.1361455988500373
37455,0.1217373667954003,0.13557582457453618
37489,0.1257087525815383,0.1324071386973001
37764,0.13261406769409215,0.1310202061263811
37876,0.13148813002326937,0.12944234025258966
38192,0.13001284330257126,0.12843639770501197
38439,0.12988328088349413,0.1286325920138616
38455,0.1350656898369893,0.12555009486344573
38720,0.13521471382187963,0.12384736320754236
38840,0.13432104454722324,0.1236196178113161
38981,0.13664507820080654,0.12471775347697661
39005,0.13628192990478233,0.12659961110266732
39296,0.13882977791763887,0.1275849598995873
39702,0.13712817438010969,0.12681487547259968
39730,0.1372608789187064,0.1265862514584217
39781,0.1362695064511452,0.12658837196466904
39878,0.13599134493761084,0.12846814637572898
39909,0.13396012071948252,0.12909154924445712
39914,0.13268553298789806,0.12979019976712342
40020,0.13302242674826112,0.13122870829410974
40296,0.1317958423158133,0.13111556397528643
40500,0.13248570994633888,0.13303726365602786
40647,0.13281976498794873,0.134811011326347
40663,0.13312916113831028,0.13528597026655662
40667,0.13533985801416096,0.1368939814785599
40700,0.13657537999373615,0.1371918820942031
40720,0.13702519957392406,0.137043308561377
40793,0.13954843340670636,0.1394760507845357
41040,0.14106990715450518,0.14047526022099963
41244,0.14167247736987001,0.13994527241436966
41271,0.1444876698587739,0.1430403318419386
41341,0.1464791620530107,0.14313382552668044
41539,0.14709137082142038,0.14410453332088005
41555,0.14668169343677775,0.14399657552125364
42013,0.14713036226367443,0.14467792608561603
42134,0.1482992736457642,0.14458138431304754
42244,0.14778134453639127,0.14512172270365611
42450,0.14948919994029952,0.14504278890254643
42468,0.15054797227209055,0.14510335728547002
42678,0.15181762926392783,0.14585952320690593
42981,0.15170226716600999,0.14738479001069876
43278,0.15310813100102968,0.1497994796003778
43518,0.15363749324099882,0.14968670481236646
43553,0.15401944264376885,0.15130135722799545
43607,0.1544704212844558,0.1521929918111556
43639,0.15715016020592212,0.15408216246682094
43711,0.15783109227974446,0.1556448376128163
43738,0.15954520743135212,0.15629467953443182
43742,0.16062650350841154,0.15755176009839889
43805,0.1616362505131592,0.15796240600544692
43993,0.1624544605377644,0.15766558933528352
44073,0.16307119638163148,0.15727666428522502
44200,0.16247677205018252,0.15800459690666827
44207,0.16365079210867706,0.16058671526946822
44251,0.16374377323541675,0.1613224460913842
44304,0.16516985790835426,0.16068900484864268
44585,0.1648821277311036,0.1618393427931834
44802,0.1633350913691705,0.1612294306193879
44816,0.1633962039680954,0.16074078133080627
44964,0.16338030219905256,0.1616589804908821
45310,0.16420657347308099,0.16273984432615562
45319,0.16554392440888854,0.16357151772637096
45372,0.1651712785266219,0.16310639107457983
45507,0.16566045137082322,0.16438386883234243
45658,0.16615519479969854,0.16542196744737217
46033,0.16630723027570757,0.16529635542395102
46090,0.16721834346743636,0.16737958085123247
46169,0.16767577496341327,0.1694574097156955
46205,0.16795923851451086,0.17030025534422466
46318,0.16818237027907554,0.17156549594389792
46334,0.16739318355070326,0.17172570449558097
46413,0.16785570082418216,0.17282412052071355
46499,0.1687508816594567,0.17270120453509213
47241,0.168173378819673,0.17261238915903937
47301,0.16872247017508282,0.1738587216642682
47321,0.16808938286983033,0.17339806777434016
47489,0.17065221948373543,0.17425277096110997
47585,0.16955874070922336,0.17373596807227665
47638,0.16971565865794666,0.17362241342010834
47669,0.17042619189820826,0.1735954603875051
47705,0.170953197191262,0.17379256334587992
47744,0.17146481298552416,0.1724074265855035
47882,0.17163088785595843,0.17226639668793842
47947,0.17069962939027966,0.16941332037730025
47970,0.16970225702857128,0.16925776277598126
48076,0.17058127652771413,0.16959605721270182
48181,0.17043716872188272,0.16904370554632078
48227,0.17111398181022625,0.17032167843993118
48522,0.17146366454591946,0.17152976042673324
48844,0.17158681737954187,0.17052054292393123
49272,0.1723585955681556,0.17011765996621328
49326,0.17389210093111093,0.1704901513372269
49351,0.1752381387431776,0.1689555187871101
49477,0.17583072614088227,0.16955307877349682
49558,0.1748750299066558,0.1696779796402919
49619,0.17320976944945612,0.16830371814108314
50006,0.17417838627597246,0.17106526898685065
50056,0.1744803092976933,0.17144478284724513
50149,0.1755416623687625,0.17303361054182775
50165,0.1753780612276996,0.17225724424557293
50195,0.1742785194008686,0.1705411016482057
50268,0.17402108524884255,0.17085644467875954
50629,0.1738639259813773,0.17169095237839677
50819,0.17453499163193595,0.17131147711704486
50979,0.17535973646297787,0.17139710323353352
51134,0.17620673394908853,0.1723811704565275
51227,0.1758244861906159,0.1708495667328317
51282,0.1763741649048974,0.17121007068084676
51342,0.17643911241775048,0.17126349388042136
51750,0.17522740418521798,0.1725615746240087
51798,0.17572297312966145,0.17217302480528843
51806,0.1765873623157716,0.17277092670112976
51954,0.17630298501629843,0.17321762509009586
52001,0.1765714530958095,0.173370743887393
52067,0.17768266563293522,0.1743849967907712
52237,0.17795360680394717,0.17550080422704806
52292,0.17787443182982876,0.1775306917002366
52353,0.1793699542149339,0.1787289198192295
52510,0.17791804012848586,0.17676346466465262
52528,0.1794144152246313,0.17882350968471303
52682,0.17961735312789237,0.17919546028417163
52906,0.17934851016405562,0.17892493323564648
52939,0.17923084844913395,0.18016211777857707
53092,0.17938180915565993,0.17893818912521978
53107,0.18081028867099014,0.18055501059146317
53468,0.18319933622086043,0.17745672673371926
53706,0.18419463544423462,0.1793336264917077
53713,0.1851152349609076,0.18054500286695646
53717,0.18638419113208038,0.18042596149094778
53721,0.186550711018118,0.18059626598621936
53862,0.18627172001757444,0.18038294129663276
53906,0.18424236356704723,0.1823998434477338
54072,0.18415940521003582,0.1831076536843018
54087,0.18465979791373474,0.18302205292377274
54108,0.1861124522463227,0.18320227855605956
54123,0.184591404928933,0.18300068381937779
54241,0.183425920981065,0.18230395677479647
54691,0.18278918190163304,0.18127268341155256
54807,0.18373667475458405,0.182100850379206
54937,0.18311606545194653,0.17980717624782983
54982,0.18339064892838813,0.18104201014039495
55193,0.18449498316053647,0.1809895328761831
55299,0.18390089408572038,0.1812558883298976
55302,0.18376700084314876,0.18173506641000067
55328,0.18367560962785429,0.18091538785770064
55359,0.18384085179901866,0.18118371149196963
55543,0.1836416402250481,0.18124499190721055
55551,0.18454093488829665,0.18233128275999422
55713,0.18516260767164774,0.18312040819719438
55766,0.18590616776149832,0.18318457309127856
56091,0.18613556558865335,0.1834724735485402
56337,0.18512933920099373,0.183243663562084
56507,0.1854413857549639,0.18329011803522147
56521,0.18601335040231498,0.18435854844416483
56608,0.18710326575024552,0.18466211069083988
56787,0.18782217438773816,0.18484862058011467
56820,0.18936490871610603,0.18547781767271124
56999,0.19110767673462287,0.1865390436525299
57299,0.1921666463525842,0.186523933292954
57305,0.19173715839200667,0.18700017146416537
57484,0.19270359680024646,0.1880783984502404
57760,0.19319430269623905,0.18703464020673322
58295,0.19524957120535186,0.1871389029205312
58440,0.1947007649091913,0.18802571759291525
58556,0.1938477378919156,0.18822251382512778
58641,0.1948294127751581,0.18949312849037395
58719,0.19580920471190336,0.18993801194566273
58746,0.19650505097054627,0.18881398523729287
58763,0.19757816447142987,0.19093201571017407
59030,0.19631906931728696,0.18993619256886884
59264,0.19792325171776834,0.19075655194180277
59311,0.1971738833762353,0.1911513876435487
59432,0.19754864372494824,0.19182224276424223
59640,0.19753551474319977,0.19139995989131495
59670,0.1964342752609038,0.1914857454945755
59737,0.19680891993307667,0.19240810492973823
60179,0.19776655035508436,0.19261914767184607
60185,0.19849582397443183,0.19230689019169067
60207,0.19851323900519888,0.19067915366593993
60297,0.19917079865504292,0.19146856023596173
60475,0.19925332440539162,0.19154437394888288
61122,0.2000031367132299,0.1919474811904164
61205,0.201375218371833,0.1922705499547039
61276,0.200538089240678,0.1926714828860628
61438,0.20057955289345766,0.19225989596948093
61534,0.20072856259665395,0.1919124215103965
61680,0.20069841644875433,0.1921316113650846
62139,0.20077761415529172,0.19204410957413207
62219,0.20145856639063298,0.19250112265690808
62516,0.20143455278891398,0.19299136625720084
62547,0.20199663783524657,0.1952102024894848
62555,0.20137827070018918,0.19316669631480027
62874,0.2004045827891835,0.19245930323535626
63024,0.20007183290550798,0.19200830980829556
63220,0.19942584545834274,0.1912788233640467
63358,0.20007659812459247,0.1920793972331253
63428,0.20103698980085472,0.19220689419613154
63429,0.20198325346682908,0.1922518925702476
63513,0.2023956570928242,0.19238205163314018
63671,0.20145592344003949,0.19061227874414596
63865,0.2022544143168383,0.19086654882182158
63988,0.20262255555733316,0.19019093823716693
64098,0.20300404277061318,0.19041891894005192
64225,0.2029368924574948,0.19053100920185034
64511,0.20445142576376996,0.19231403018579482
64521,0.20564179598085686,0.19086544148022097
64687,0.20614740074143115,0.19061122395581434
64889,0.2062797177291882,0.1904409945671399
65054,0.20477566164731256,0.1899205146801257
65245,0.2053806978178932,0.1901905487697219
65292,0.2060878902533564,0.18947540850663025
65375,0.2054493965557557,0.18902819915143135
65450,0.20479876925908302,0.1897311490368884
65481,0.20557354466131056,0.19083453208578174
65601,0.20371867596147122,0.1904973253632083
65643,0.2041219233326271,0.19142889762231205
65709,0.20383164689264827,0.1916438861236427
65907,0.20516830283586882,0.1916837216199334
66049,0.20581115424079274,0.1923431548713354
66298,0.20759863430356898,0.19240569521519535
66647,0.2081123405844619,0.1932223582987395
66787,0.20805233654692806,0.19297101297977728
66948,0.20864525764052022,0.19367012653038396
66976,0.2090004455013046,0.19418841773447246
67021,0.20944296060626544,0.1933705871124383
67440,0.2095736386380775,0.19313481089906515
67474,0.20896796774893517,0.1935033804920932
67513,0.20805728136646712,0.1937941167173304
68263,0.2104280806454731,0.19444960970581052
68281,0.2107824293161089,0.1952297970646362
68378,0.21229540199662567,0.19620914226269712
68429,0.21320290448672688,0.1966014767348162
68512,0.21391019194212507,0.1966164525027717
68590,0.2140777897938613,0.19648936462768857
68929,0.21527345093004546,0.1968970898688579
68988,0.2144358114821441,0.19561514637279215
69171,0.21394879398767977,0.19505509118160838
69185,0.21411394005804937,0.19501305622616014
69455,0.2144143737063079,0.19462315392937535
69476,0.21553626616511865,0.19570068100149407
69662,0.21745082965016507,0.19625159584144924
69719,0.21842489615066013,0.19679677465620576
69798,0.21851655676614032,0.1961678583265196
69915,0.2183127992331561,0.195449203726724
70462,0.2167263298361614,0.19340047748492228
70493,0.21684040337107657,0.19373148427037462
70580,0.21706132434994427,0.1944859924222634
70656,0.21650221568944594,0.19470780529959547
70915,0.21707700783876258,0.1947122731306076
70996,0.2177700757335997,0.1955021959866894
71314,0.2172891125615917,0.1956385750270887
71428,0.21744805110474394,0.19548301113627603
71554,0.21823558044160163,0.19605155460218776
71580,0.21649965928835357,0.19222128856412213
71696,0.21650012904970295,0.19205943947719845
71850,0.21695916243821187,0.1924081857428825
71906,0.21676880117506553,0.193219885340596
71957,0.21717052633981357,0.19246303972037812
71979,0.21639103422961914,0.1927607667187668
72012,0.21715599735273056,0.19380085760720378
72037,0.21725997038214864,0.19482582381898766
72197,0.21771461698068417,0.19483921933441806
72275,0.21808179547126363,0.1957076047543855
72297,0.21745820888712575,0.19599819796175394
72299,0.21601402335051198,0.1957154178429013
72401,0.21656354818999662,0.1961377194176143
72404,0.2177890791142967,0.19722340005508587
72558,0.2182248702708678,0.1965724939534333
72723,0.21723389544274177,0.1961727765348303
72873,0.2159128315394595,0.19512945346878538
73009,0.21610381875327572,0.19524419661472184
73179,0.21603073135067744,0.1950344947062802
73318,0.21596935794015712,0.1943822867950918
73789,0.2169156058519524,0.19481121741123908
73794,0.21831695103639384,0.1953360132789019
73841,0.21912282852530202,0.19509066628053487
73901,0.21975471667954294,0.19504819575211882
73924,0.21994113674915663,0.19609661187955527
74011,0.22062412425668193,0.1965371808731686
74187,0.22017413123898147,0.19469537143697355
74194,0.21924378299181202,0.19403254608386433
74865,0.21908087624205766,0.1948777978813484
74901,0.21785645287479594,0.19439380683490795
75140,0.21844037644855205,0.19380131958986072
75171,0.21849847599509548,0.19265520569216488
75469,0.2191646242852426,0.19401486705139992
75487,0.21658404374668533,0.19009004990985792
75567,0.21735641571428477,0.1898903897125622
75629,0.21854967142285622,0.19019754898118535
75697,0.21895173270017054,0.1901584234017498
75928,0.21935581371916543,0.1906891772396973
76056,0.21980591365759047,0.1908172589625064
76099,0.22079938904786275,0.1914295538636312
76218,0.2200419854364269,0.19134982703772227
76431,0.2208421488733341,0.1921247460565906
76482,0.21974965486713408,0.19186240436489288
76626,0.21981558950112007,0.1917553211839461
76673,0.22093829760608646,0.1927682950584277
76705,0.22065562309790387,0.19371581385667488
76790,0.21993749863496675,0.19161616111097463
76906,0.21946556141591775,0.19115684805764538
76913,0.21956843194344022,0.19093347060591603
76924,0.220006795185137,0.19150235134773858
77198,0.22006284168958287,0.1908129488773064
77324,0.21932461492889538,0.1894235725609872
77460,0.21852049145102853,0.1870781371141576
77530,0.21725838114749768,0.18591055487073288
77643,0.21741023478307275,0.1856691452646109
77802,0.21759475383958057,0.18640321606667257
77901,0.21765289039439314,0.18650118595467238
78135,0.21679945608256135,0.1863229640260322
78208,0.21785719002008452,0.18711199639525125
78265,0.21763706444948197,0.18630329316339372
78775,0.21767175517599752,0.1870072172984919
78843,0.2177016094007176,0.18724310821953713
78920,0.21889525064869605,0.18825456688295103
78934,0.21839177247923516,0.18849506665646248
78973,0.2177140941548581,0.18796891523676862
79005,0.21607985837021235,0.18683769253966553
79309,0.21676342209910598,0.18745721340347557
79418,0.21686262135613282,0.1877162420913713
79597,0.21810462977544884,0.18846485923863016
79620,0.21940399287218537,0.18907420054147125
79812,0.2174950903260198,0.1867931767752271
79975,0.2167652078662392,0.18690073341197028
79998,0.21639893754025202,0.1857518378296112
80031,0.21752419177404447,0.18666116936472288
80035,0.21689226359082314,0.18652639504378118
80100,0.21611873085309846,0.18700392103246774
80165,0.2157251173575055,0.1864287482514937
80351,0.21639426923678032,0.1864406682039489
80390,0.21761259400967692,0.18655117679783043
80406,0.21660114865938662,0.1863414622238955
80550,0.217377331199605,0.18699919625717865
80576,0.21840666746361687,0.1882946166494633
80613,0.21853758012970834,0.18731192015997938
80826,0.2172832398358171,0.18630153731517998
80996,0.21738996253074258,0.18615757933572458
81015,0.2172154314548203,0.18551390475565285
81117,0.2183251584111757,0.18592013182298328
81381,0.21900152954884045,0.18648132376829377
81494,0.21861500005237522,0.18730155635524495
81529,0.21760953364080396,0.1875667067245876
81952,0.21873476387157986,0.18773846261284996
82080,0.21736635290543246,0.18770179548446447
82736,0.21561621197826947,0.18651707569993053
82770,0.21504648797892137,0.1864543454989326
82831,0.21588908447955374,0.18679875844396462
82849,0.21583186078516714,0.18621157260064566
82924,0.21627498629161213,0.1869173118126263
83075,0.21534048202286377,0.18814108735824753
83127,0.21710660440217786,0.18917274198750011
83267,0.21633023382011254,0.1897980306978751
83510,0.21673722138550916,0.18982418257693884
83762,0.21630478280394388,0.18986364401963066
83923,0.21605020886982557,0.18960843341904174
83971,0.2161201501237308,0.1896409039964705
84165,0.21693011835001885,0.18989638054657637
84197,0.21635199151951828,0.18918973944017908
84205,0.21558973527393274,0.18873226612697372
84394,0.21510860855571476,0.1889768044631645
84409,0.2157236335590433,0.18941598368926957
84475,0.21415341119227202,0.18997902966859148
84601,0.21395004067650386,0.19013560189853373
84686,0.21403204646620877,0.1899736955915777
84740,0.2146384114622225,0.19007827809383038
84818,0.21470837780835583,0.18854979879101547
85020,0.21405347028410515,0.189097142527285
85052,0.214398799225582,0.18992291045146642
85089,0.21438399349881454,0.19090369200792243
85169,0.2145311840738501,0.19100451717768474
85320,0.2156830309816346,0.1919985236423542
85508,0.21549913329218556,0.1919327666830836
85539,0.21506411921341997,0.1920151731225911
85572,0.21572796025701735,0.19222902289891336
85686,0.21552197448930685,0.19262197307194595
85749,0.21605444579462765,0.19346620873978757
85985,0.21705429177078883,0.19382472554759395
86014,0.21683198271766518,0.19361418058116614
86452,0.21703844932613522,0.19366986695373117
86642,0.21704764179635117,0.19404638975511926
86649,0.21806904994246065,0.19498844469246568
86780,0.21843726661418683,0.1958942011916917
86793,0.2182257794357612,0.19667857329594096
86839,0.2182547016126884,0.1954946222670627
86865,0.21835334606430776,0.19644857581905084
87008,0.21823813580237852,0.19673119895447932
87393,0.21821109806830716,0.19713478769584494
87450,0.21836273009625792,0.1971890641249696
87556,0.21809589779337019,0.19730496324122052
87621,0.21790188200956906,0.19822973261398388
87666,0.217799032799282,0.19857531951556437
87829,0.21628386693530355,0.19771097894009743
88093,0.21543974910724445,0.1965180207818945
88137,0.21522134628402712,0.19610907548843767
88374,0.2155004363655063,0.19586122717378454
88441,0.2148000322645411,0.19612347459857102
88674,0.21444287727660488,0.19541178593061387
88766,0.21466187120830674,0.19562185433269544
88815,0.21537198725205756,0.19602380731271457
88922,0.21652629493449582,0.19683642141333313
89262,0.21611264926646095,0.19708287947093314
89347,0.21470489616846714,0.19680158361680514
89363,0.21478857543341312,0.19626793009830099
89745,0.21520539146041073,0.19756037584535197
89762,0.21713720808659842,0.1994868553099914
89873,0.21741174855400047,0.19936207168069167
89892,0.21763316245738046,0.1996729418602709
89973,0.21799368966365906,0.19923747704446276
90035,0.2175109658537493,0.1989429750831289
90237,0.21799245373813683,0.19937034797063502
90450,0.21736516553599272,0.19978892387151598
91074,0.21757233249991292,0.1997430841453705
91094,0.21859441682491554,0.2010639811410094
91300,0.21926631063016808,0.20108158387677913
91474,0.21897807283126303,0.20142804764047575
91624,0.21844043980632513,0.2015002216512615
91644,0.21827231144213538,0.20250310273172364
91647,0.21857235099887132,0.20283422314977193
91709,0.21863763678890516,0.20328717391527878
91732,0.219103844745238,0.20316674260782044
91735,0.21913459622288087,0.20303382695958583
92094,0.21997576789619444,0.20429611500079825
92120,0.2210181637693086,0.2052042067207743
92246,0.22065480944622934,0.20488631433915108
92309,0.22135915591284247,0.20582373395897655
92729,0.2219241786754572,0.20591688306020725
92788,0.2222732496251935,0.20535377111840103
92790,0.2226778540264377,0.206192245614849
92821,0.22248003717564455,0.20607333819640353
92892,0.2228195540703752,0.20648597835051144
93126,0.22349953601826394,0.2068926292099961
93223,0.22301760521771602,0.2072113269136962
93471,0.22313696390118454,0.2073787259262853
93901,0.223652609574149,0.20686941076849674
94061,0.22460212026692453,0.20649340298544183
94380,0.2249011811389168,0.20646829718587856
94424,0.22455035678474927,0.2064408698603022
94536,0.2247776090112068,0.20751518876449312
94784,0.2254955559008706,0.20853044439155832
94891,0.22542454593384448,0.2087522830998116
95030,0.22528174146582916,0.20670073180681722
95057,0.22606330331185429,0.2072467382326127
95184,0.22568894404249865,0.20638925023563431
95321,0.2260207625212237,0.20667624117856528
95377,0.226161294355587,0.20710753245320834
95409,0.22796925631491938,0.2078118723796121
95480,0.2278860650154718,0.20888672217822374
95860,0.22779271209500765,0.20851310850287705
95949,0.22820247534215743,0.20834283925779074
95972,0.2276996609018927,0.207999087670057
96032,0.2276767205948359,0.2067271548799553
96301,0.2270088388869908,0.20617684583355664
96381,0.22783552909038107,0.20640663608854995
96465,0.22757644713766964,0.20644237880589345
96505,0.22694310747353955,0.20582944152171664
96535,0.22730872156933335,0.20636597140606516
96600,0.22712764917225337,0.2062925352338832
96632,0.22574340020708578,0.20531054555686667
97018,0.2263504524508732,0.2059432248101607
97156,0.22488867861734702,0.20625494494585586
97226,0.2251457148188266,0.2063568594774802
97296,0.2261089724642618,0.2072679046531558
97416,0.22756402780033394,0.20825756932356113
97460,0.22726869718632392,0.2086669549238543
97596,0.2269062042107342,0.20792919711613864
97653,0.2271642418244122,0.20827773399265448
97742,0.22707006489967982,0.20864886852287484
97796,0.22714032799268943,0.2097226763571886
97876,0.22691426275290877,0.20890766364647295
97986,0.22833202373032152,0.20965934245707876
97996,0.22877767601841187,0.20971745328336638
98139,0.22926710141785953,0.2104876478048654
98212,0.22958290705532375,0.21075548025071944
98404,0.23075182264366403,0.21010688954319787
98474,0.2304985404543541,0.20977551573690192
98523,0.23012299489072346,0.21005861683479488
98605,0.22975097395400176,0.21127016029975101
98754,0.23107532410538173,0.2123894316107585
98990,0.23195561056222028,0.21332289287243572
99055,0.23259183164535366,0.21269885459626264
99506,0.23326240641599305,0.21349062189837476
99527,0.23445448778351327,0.2139701954514235
99612,0.23457995244000787,0.2141316345878808
99614,0.23352384286680763,0.21397691638024435
99884,0.2334823675108034,0.21302971133883702
100284,0.23237024253547928,0.21270113272867192
100323,0.2328684999494149,0.21317582408681177
100489,0.23336841566093244,0.2137880904242074
100566,0.23385896877110446,0.21374592703148118
100589,0.2345220780079713,0.21471575152053674
100751,0.23409617709773217,0.21492555965492063
100858,0.23364094653480022,0.21455942016527302
100890,0.2348180596687562,0.21540823518031482
100917,0.23543729177869352,0.21535422488490535
100926,0.2364154946753327,0.2154641711383582
100997,0.23634502486507272,0.21535616048420744
101072,0.23651078575912055,0.21622613262968124
101155,0.23681609975634693,0.2159321539707908
101234,0.23619711189365653,0.2152585638816671
101335,0.23791376862684685,0.21535880084521708
101355,0.23829510151804145,0.21478203359986056
101431,0.23883038658250022,0.21558592729186477
101488,0.23894236840502522,0.2154175030531088
101499,0.23873822373287448,0.21588396069151555
101923,0.23934987691088827,0.21646370614077007
101943,0.23993734489356164,0.21683542749654697
102300,0.24036069196675477,0.21676058885165056
102307,0.24059282776775215,0.21690974252610104
102475,0.2397365837947196,0.21585189742031802
102509,0.23951743041087803,0.21460135205770847
102541,0.2394145271585517,0.21426263333597723
102595,0.23841632833379514,0.2136049780658979
102685,0.2381327026237813,0.21306112735392096
102880,0.23786258668506788,0.21357865902330334
102911,0.23793118241451586,0.21351738477260424
102966,0.23804307373208036,0.2135377878394261
103001,0.23680351664011795,0.2132355518842433
103011,0.23563749645091442,0.212100696437716
103206,0.235760048957387,0.21250923540458452
103317,0.2359470208086654,0.213041193712447
103462,0.23458954655440545,0.21175480650107362
103517,0.2345216643377733,0.21219515167604142
103729,0.2336632839276401,0.21238054034576018
103947,0.2336246625598109,0.21229677013538736
104276,0.23231061004301656,0.21098404648132574
104334,0.23253625930172608,0.21113898890688595
104704,0.2314000334426743,0.20913612635967938
104808,0.23116419871939406,0.209098813308889
104822,0.23103718772781223,0.20892318591962233
104841,0.23093204415597787,0.20882685811203366
104882,0.23048851134129852,0.20912685414867266
104896,0.23130244457105956,0.20997202464421247
104911,0.23274252423392777,0.2104217193148861
104924,0.23245919693690995,0.20935502511543952
104963,0.23319784751880265,0.20989003644197635
105003,0.23372667067323857,0.20990750971871705
105012,0.2332544492930414,0.20969703608715554
105069,0.23426360131425014,0.21109608440454086
105093,0.23510213130482263,0.21143593171240463
105263,0.23652641246567796,0.21293067620103248
105265,0.23675601364170762,0.2131189061250015
105434,0.2367174751724564,0.21325702795125145
105610,0.2353054195972827,0.21232668457271392
105702,0.23537671745936423,0.2123712322155325
105774,0.2360630911055833,0.21353757823906652
105788,0.2351411135524158,0.21332546275189454
105981,0.2347900468158433,0.2127282110293377
106210,0.23467345104136803,0.21257212051845759
106267,0.23422031520012698,0.21237919032290387
106390,0.23497867973412317,0.21214222019321674
106566,0.2345418192920995,0.21230034784742025
106666,0.2331341758733365,0.21236507306199762
106769,0.2328770160871364,0.2119200785901377
107103,0.2331511718345223,0.21225302220243358
107764,0.23347354550948662,0.21268413491636057
107804,0.23379264235420202,0.21259754081886975
107837,0.23300105871357596,0.21145189761430366
108021,0.2340751044421687,0.21147308857587455
108449,0.23421162872890364,0.2112437195985983
108586,0.23244034332703653,0.21081457642064036
108860,0.23202886010722543,0.21054594392802115
109098,0.23226134360400866,0.21074238843018053
109242,0.2323639421458884,0.21051909574727512
109243,0.23204648205151177,0.21171906539485685
109301,0.2321232174599664,0.21139337998301114
109497,0.2320989164561674,0.2120216044935208
109501,0.23165609733248238,0.21209282204871518
109580,0.23198660738250793,0.21144047735725374
109822,0.2313340649510327,0.21086996155653615
110063,0.2313830558225017,0.21154400087984007
110191,0.23185136233782666,0.21188483427344487
110224,0.23200607502769185,0.21206321882524154
110306,0.2338535358368611,0.2113260540304843
110418,0.23356266316175528,0.20999703491956978
110478,0.23447739969690262,0.2095708925119827
110586,0.23548853530599553,0.20982431587662323
110622,0.23625524292681566,0.21039919979032454
110641,0.2357708976990112,0.21070507430661478
110737,0.23527325266804086,0.20998948633741632
110781,0.23455964795799963,0.2096692359972938
111194,0.23453005760925963,0.21072230958737498
111235,0.23347059232098186,0.2111003764097537
111323,0.23359567347135238,0.21153801078746112
111545,0.23367232015721182,0.20944526656383727
111581,0.23313084208249546,0.20940565664692215
111698,0.2332214985100206,0.2090633773875145
111887,0.23272809014472,0.20858023475588905
111915,0.2331502364303784,0.20972345544321236
112470,0.23320264074746705,0.209337256759916
112664,0.23350354960504305,0.2101850142871185
112703,0.23374554164689174,0.20890280638850495
112902,0.23476359027748497,0.2096678224568498
113322,0.23458949843916044,0.20981419490314432
113463,0.23309842057598562,0.21048939977605
113589,0.23328143654870603,0.2105079483627685
113741,0.23412678826224484,0.21126619175188546
113980,0.2348419220443775,0.21178943390932892
114292,0.2350236132630462,0.21187335204204905
114298,0.2349843136751548,0.21180280146078756
114459,0.23601216552490015,0.21174438499696394
114467,0.23658105475915314,0.21148244488705503
114703,0.23635535366637855,0.2110005245004434
114820,0.2371193445663872,0.2115636737154301
115096,0.2370027677893956,0.2112409369939672
115149,0.23749609820571374,0.2118674150541482
115506,0.23809158019954232,0.21254494483252376
115518,0.23768448772355605,0.21247942480754806
115765,0.23813817356184938,0.21261406508332162
115772,0.2390499742849939,0.21162764948082197
115878,0.23954420159644407,0.2114645983863973
116039,0.23851409286855077,0.21195328034480537
116129,0.23861735128249426,0.2122458803544612
116387,0.23868450693401944,0.21251323269382738
116453,0.23922775254599885,0.21215375248301258
116624,0.23813364922961888,0.2112792390885222
116673,0.2376404640127303,0.21135376931586652
116711,0.2366340448323484,0.21105405955639053
116745,0.23646718105737796,0.2109017108996988
116783,0.23711853322565662,0.21109023702270785
116822,0.2368004082988869,0.21141167832202662
116885,0.2363644771799203,0.21072245360236583
116938,0.23612240264452267,0.21063779928429485
116977,0.23554581300518698,0.21035212730576602
117016,0.23532904404503138,0.20977333687659303
117030,0.23672016243368044,0.21028522067029523
117047,0.23778544322067002,0.21064121136018638
117155,0.23770269439404992,0.2094492410593808
117175,0.2379451067122284,0.20918655325759936
117209,0.23824626835086155,0.20987220054987138
117267,0.2394752572203357,0.21025727591337523
117635,0.2394617574537256,0.21064402007597396
117686,0.23955675616011385,0.21007289378369476
117825,0.23998706664531044,0.2098207982101839
117941,0.23981924512595112,0.20919863015387838
118161,0.2398258079821726,0.20945028463926202
118190,0.24006414793270742,0.20953896711008416
118651,0.2390841057447262,0.20861107565678164
118908,0.2388614927923844,0.2080521013870782
118937,0.23985166625861287,0.20854085165546585
118998,0.24091529585085447,0.20885484282580186
119302,0.24040901108532883,0.2086317262910278
119447,0.24021375449276897,0.20855673612229697
119470,0.2395205853379859,0.20859406235862807
119549,0.2388214857278463,0.20912442379786922
119979,0.23885859693601094,0.20864677220393316
119994,0.23898489360793063,0.20804209462781514
120193,0.2392025768896927,0.20886216902898067
120291,0.23983895993300192,0.20888841851811124
120477,0.24006218492501186,0.2089673306825679
120854,0.2398525566572615,0.20861245514209087
120914,0.23981631615754365,0.20881745509782815
121192,0.24007549956281735,0.2089671759148933
121193,0.23996639308593282,0.2090053617174465
121304,0.23885559643335483,0.2096786778259231
121332,0.23914663323035418,0.2098771506311454
121362,0.23960635184344356,0.20944372972221104
121403,0.23939491148814024,0.2092602457105447
121519,0.23955861538349602,0.20985426050922837
121593,0.24040650522199114,0.21047049400395154
121835,0.2398587822853314,0.21003363334383301
121877,0.24001929220677146,0.21046135335351804
121913,0.24111540820056832,0.2100227749129125
122096,0.24155064528455125,0.2110954829055251
122205,0.24146946089601473,0.21206939879835937
122236,0.2417853467991343,0.2120320161944086
122306,0.24188592162516026,0.21229865648857632
122529,0.24228876106640546,0.21165532300391904
122622,0.2432262165744133,0.21094923046380146
122634,0.2427396419071809,0.2102473583998874
122739,0.24200389694996546,0.21002575813789076
123068,0.2418162904514665,0.20968080010375403
123550,0.24281879980792248,0.2093321074306414
123609,0.2432561868236848,0.20884468079772217
123633,0.24262934234897424,0.2088017335837905
123666,0.242994291078505,0.20917881544627678
124103,0.24485937457614987,0.20890488024288847
124169,0.24439775189886537,0.20891706005560184
124197,0.2431640870718994,0.2085131052539338
124219,0.2431970774997424,0.20833642474631578
124532,0.24280972960475014,0.20843405456392633
124711,0.24316139174660764,0.20874708462700853
124760,0.24321294078420944,0.20843150899819826
124763,0.24335971252068314,0.20875332142825231
124774,0.24423029861506265,0.20932266756540474
124818,0.24401290248661076,0.20821021000844261
124999,0.24626598188201243,0.20926438579818935
