Step,311,312,lr1,lr2
42,0.029239692,0.01940258,6.37E-07,6.37E-07
167,3.88E-05,0.001220798,0.052744783,0.052744783
229,0.031295657,0.035697006,0.005579497,0.005579497
234,0.01736352,0.013360186,0.000588665,0.000588665
273,0.00585886,0.009570384,0.077133305,0.077133305
474,0.003459234,0.00642408,0.036149424,0.036149424
536,0.00425038,0.004704225,0.134410828,0.134410828
579,0.001442446,0.002184275,0.141885459,0.141885459
586,0.005300141,0.001494652,0.148768127,0.148768127
634,0.001696844,0.002585724,0.220404625,0.220404625
647,0.005804867,0.033345625,0.196748689,0.196748689
714,0.002647938,0.001687009,0.222488612,0.222488612
808,0.026685307,0.098691314,0.083648995,0.083648995
1014,0.00345128,0.01782047,0.192593873,0.192593873
1333,0.007858412,0.010439359,0.099163175,0.099163175
1337,0.032772303,0.017631799,0.058429711,0.058429711
1385,0.002430046,0.008198981,0.089595184,0.089595184
1392,0.013146,0.006357756,0.170902133,0.170902133
1436,0.004937113,0.007429278,0.014720757,0.014720757
1691,0.009005077,0.033161674,0.113156483,0.113156483
1734,0.008315565,0.051499799,0.016285354,0.016285354
1737,0.013849837,0.015537335,0.148780674,0.148780674
1877,0.008573264,0.011355979,0.03567579,0.03567579
1917,0.032569192,0.017492469,0.386782825,0.386782825
2036,0.016425574,0.025356324,0.019827966,0.019827966
2199,0.010613303,0.043709807,0.270282775,0.270282775
2307,0.05082757,0.084353909,0.14429301,0.14429301
2389,0.005426487,0.017327851,0.074644238,0.074644238
2485,0.007267265,0.020249341,0.027289066,0.027289066
2486,0.009194124,0.015725438,0.026579214,0.026579214
2498,0.027245857,0.027157564,0.129582793,0.129582793
2685,0.014326156,0.032528624,0.108795047,0.108795047
3038,0.013084991,0.025847178,0.183379471,0.183379471
3230,0.015962249,0.045742877,0.079391718,0.079391718
3246,0.017673347,0.040779606,0.080153599,0.080153599
3305,0.013773818,0.027314464,0.081424855,0.081424855
3618,0.089793436,0.011379511,0.119602114,0.119602114
3620,0.016529918,0.022180893,0.333635718,0.333635718
3670,0.040605463,0.030052878,0.113061368,0.113061368
3741,0.026936542,0.062673673,0.050211646,0.050211646
3814,0.018915666,0.026074868,0.059758693,0.059758693
3821,0.028767223,0.012347769,0.008270442,0.008270442
3956,0.055308532,0.017888874,0.372519135,0.372519135
4317,0.017847482,0.034583069,0.155227482,0.155227482
4400,0.045355022,0.036152381,0.070418209,0.070418209
4492,0.038116716,0.057790801,0.187104255,0.187104255
4509,0.009052816,0.052959111,0.099336125,0.099336125
4676,0.013483869,0.059682645,0.084502757,0.084502757
4788,0.024314962,0.062878244,0.034449022,0.034449022
4971,0.017642856,0.015468614,0.055539414,0.055539414
5134,0.010220284,0.056296162,0.037248284,0.037248284
5345,0.145545647,0.057113368,0.15181759,0.15181759
5359,0.016550677,0.043054543,0.027498053,0.027498053
5723,0.012297591,0.058261704,0.13733536,0.13733536
5864,0.024443638,0.06516628,0.111918822,0.111918822
5907,0.016941305,0.030381365,0.028369572,0.028369572
5990,0.065573119,0.024150385,0.048126742,0.048126742
6200,0.044539388,0.024404671,0.120548591,0.120548591
6219,0.025620818,0.102515608,0.111705437,0.111705437
6289,0.030594995,0.060467888,0.181065261,0.181065261
6574,0.020143211,0.022139905,0.137129217,0.137129217
6699,0.051911928,0.064538747,0.254332423,0.254332423
6711,0.014131409,0.042740993,0.104582459,0.104582459
6854,0.085829832,0.06594196,0.071543388,0.071543388
6966,0.012666756,0.044071339,0.101738438,0.101738438
7155,0.023609696,0.035262488,0.35199672,0.35199672
7382,0.053184435,0.047546517,0.120347887,0.120347887
7460,0.016069533,0.039187256,0.164207757,0.164207757
7463,0.025705284,0.025893131,0.031958375,0.031958375
7511,0.012227781,0.033501875,0.209539682,0.209539682
7798,0.007817231,0.025497142,0.094598308,0.094598308
7833,0.009716344,0.018615887,0.123576626,0.123576626
7991,0.047704022,0.078488432,0.309984416,0.309984416
8066,0.018338133,0.069933817,0.140211686,0.140211686
8180,0.022095894,0.040122058,0.100723296,0.100723296
8221,0.035518788,0.082402632,0.134545878,0.134545878
8363,0.022081017,0.035560966,0.193825096,0.193825096
8498,0.014790537,0.056959204,0.294149458,0.294149458
8508,0.022340842,0.059841104,0.080368727,0.080368727
8601,0.028544668,0.033150908,0.178126514,0.178126514
8878,0.027359884,0.062670365,0.250074059,0.250074059
8935,0.024671555,0.051011998,0.136682317,0.136682317
8993,0.019236226,0.048222028,0.140726671,0.140726671
9260,0.024611402,0.070225939,0.118139558,0.118139558
9468,0.023694795,0.061107688,0.023083601,0.023083601
9554,0.037256852,0.043475389,0.029129133,0.029129133
9567,0.04873988,0.033547059,0.187892243,0.187892243
9698,0.017677326,0.033027362,0.120795116,0.120795116
9843,0.034638211,0.05757466,0.135778338,0.135778338
9907,0.030427353,0.07739608,0.28903836,0.28903836
10276,0.016783807,0.075001448,0.282879353,0.282879353
10283,0.014196733,0.046925861,0.117047362,0.117047362
10399,0.01676368,0.036226578,0.179149598,0.179149598
10479,0.030534582,0.064240769,0.118074864,0.118074864
10522,0.020797173,0.016750852,0.118647799,0.118647799
10607,0.026285091,0.075835511,0.158679679,0.158679679
10780,0.037372947,0.049395412,0.183609039,0.183609039
10902,0.017741481,0.043782286,0.11748904,0.11748904
10905,0.024056181,0.074934423,0.126888454,0.126888454
10966,0.021069128,0.072203435,0.17857866,0.17857866
10974,0.038901631,0.039691716,0.194629237,0.194629237
11020,0.026462724,0.010893879,0.202578276,0.202578276
11102,0.04155672,0.038500916,0.152375549,0.152375549
11419,0.018342471,0.062546484,0.202813983,0.202813983
11472,0.081899047,0.053708311,0.124907687,0.124907687
11532,0.041343078,0.053505719,0.095048644,0.095048644
11566,0.053465873,0.072687551,0.034798391,0.034798391
11685,0.035922833,0.089113466,0.066012539,0.066012539
11759,0.050025836,0.051130738,0.090096191,0.090096191
11969,0.035472587,0.029682532,0.172213167,0.172213167
11974,0.014467783,0.075314127,0.08368504,0.08368504
12164,0.046808001,0.102689087,0.188699692,0.188699692
12290,0.018236132,0.044151343,0.120664068,0.120664068
12671,0.026915185,0.057911109,0.103086844,0.103086844
12877,0.065135896,0.033625565,0.049384572,0.049384572
13034,0.018056337,0.095283404,0.18115066,0.18115066
13061,0.021012079,0.096837759,0.232438341,0.232438341
13546,0.030201595,0.052318767,0.134554461,0.134554461
13597,0.040172148,0.059061997,0.142515153,0.142515153
13620,0.028679069,0.074425362,0.162703633,0.162703633
13810,0.061581992,0.061379768,0.19979018,0.19979018
14080,0.028708298,0.041443363,0.192818195,0.192818195
14221,0.040139638,0.090763159,0.159577429,0.159577429
14294,0.050886896,0.093340881,0.155774966,0.155774966
14338,0.052076362,0.046542574,0.150339246,0.150339246
14447,0.016706429,0.095612854,0.251186699,0.251186699
14638,0.064416602,0.046716355,0.166046202,0.166046202
14668,0.049479946,0.102130339,0.187310457,0.187310457
14779,0.058021985,0.04627832,0.150703043,0.150703043
14873,0.059643485,0.087259971,0.13351728,0.13351728
15473,0.076232158,0.050128117,0.126832962,0.126832962
15507,0.02107287,0.089434244,0.12641789,0.12641789
15740,0.082861438,0.103608087,0.068441525,0.068441525
15764,0.042738568,0.049315646,0.178456724,0.178456724
16116,0.039198939,0.071927696,0.12781319,0.12781319
16249,0.043042123,0.048218552,0.183388293,0.183388293
16321,0.021959983,0.076352745,0.242822647,0.242822647
16809,0.072784312,0.111628614,0.180332422,0.180332422
16857,0.029347125,0.080599532,0.087872118,0.087872118
17066,0.079267278,0.072420135,0.09243384,0.09243384
17097,0.047729157,0.104745716,0.238660246,0.238660246
17317,0.046265192,0.076336324,0.194999889,0.194999889
17339,0.053181052,0.087545648,0.086684167,0.086684167
17543,0.027959226,0.077506229,0.144821391,0.144821391
17557,0.061807334,0.122356631,0.140370876,0.140370876
17586,0.080502063,0.113025866,0.153388485,0.153388485
18451,0.061591879,0.030857097,0.177671105,0.177671105
19116,0.016660368,0.088233322,0.096515462,0.096515462
19169,0.023933934,0.175400212,0.147510931,0.147510931
19531,0.057037968,0.107958108,0.089402616,0.089402616
19640,0.144511238,0.087349631,0.104335941,0.104335941
19654,0.065865763,0.031444363,0.113726988,0.113726988
19731,0.015988762,0.079059444,0.263018966,0.263018966
19846,0.065688178,0.072641261,0.185151801,0.185151801
19995,0.046694245,0.087409213,0.185671106,0.185671106
20053,0.048299346,0.025590679,0.129779354,0.129779354
20062,0.026556801,0.142246559,0.115534455,0.115534455
20138,0.100384884,0.170888513,0.060211912,0.060211912
20244,0.025699453,0.012124791,0.182023317,0.182023317
20252,0.049146008,0.076921046,0.179227203,0.179227203
20323,0.037102863,0.089796171,0.215203181,0.215203181
20440,0.084460318,0.12391609,0.109644607,0.109644607
20539,0.09751536,0.134125471,0.425030172,0.425030172
20540,0.031068321,0.077334724,0.132575244,0.132575244
20578,0.067379154,0.071777038,0.114792973,0.114792973
20779,0.041802414,0.106174752,0.147867352,0.147867352
20782,0.04955579,0.054950863,0.23346895,0.23346895
20831,0.05954212,0.096140966,0.057692818,0.057692818
20855,0.125599667,0.157979071,0.155585527,0.155585527
21080,0.080450833,0.131916702,0.050899714,0.050899714
21144,0.019724578,0.136087194,0.244668663,0.244668663
21232,0.04707092,0.043901403,0.115296356,0.115296356
21319,0.051151086,0.098248541,0.135449141,0.135449141
21391,0.091229498,0.100147918,0.216996074,0.216996074
21523,0.086030945,0.091689438,0.143903047,0.143903047
21848,0.024478285,0.067755431,0.139665604,0.139665604
22245,0.094771951,0.050101582,0.113584936,0.113584936
22292,0.037794434,0.154798001,0.154007941,0.154007941
22330,0.019852279,0.018696897,0.25859341,0.25859341
22358,0.033864185,0.208740845,0.226348028,0.226348028
22472,0.042630017,0.097645484,0.192312732,0.192312732
22840,0.05792059,0.093328647,0.132015318,0.132015318
23138,0.091160618,0.146677643,0.125512108,0.125512108
23148,0.080801874,0.175971866,0.209113941,0.209113941
23192,0.085651062,0.151907101,0.12710014,0.12710014
23218,0.136237592,0.03557729,0.281952292,0.281952292
23286,0.027012911,0.050776847,0.127904087,0.127904087
23361,0.05887153,0.060038269,0.176213443,0.176213443
23427,0.074607968,0.139236331,0.083110943,0.083110943
23540,0.054411996,0.113046616,0.183862597,0.183862597
23670,0.080572322,0.091562614,0.117180906,0.117180906
23681,0.045968685,0.113365903,0.152027041,0.152027041
23701,0.099134304,0.097386219,0.232102573,0.232102573
23938,0.086621523,0.053501263,0.073134683,0.073134683
24147,0.046773955,0.150129676,0.288015127,0.288015127
24282,0.059904218,0.120100796,0.141982645,0.141982645
24284,0.023989424,0.102078222,0.114635974,0.114635974
24322,0.048340268,0.09154024,0.173438177,0.173438177
24345,0.059448246,0.074854448,0.225524694,0.225524694
24621,0.090020344,0.085379034,0.132095307,0.132095307
24719,0.051438745,0.043273024,0.082563356,0.082563356
24727,0.098255292,0.120496601,0.198306382,0.198306382
24901,0.110939905,0.132852152,0.234196931,0.234196931
24934,0.081939705,0.02771686,0.198140144,0.198140144
25008,0.056584075,0.162066817,0.203433096,0.203433096
25253,0.088021696,0.110150985,0.197601885,0.197601885
25332,0.088599034,0.095160067,0.410092831,0.410092831
25391,0.098184869,0.121503644,0.152983367,0.152983367
25812,0.076634161,0.154368177,0.245147854,0.245147854
25847,0.099636354,0.133300751,0.226467997,0.226467997
25921,0.236966193,0.084706947,0.221440464,0.221440464
26066,0.101651207,0.101908073,0.266060919,0.266060919
26155,0.117492348,0.179097503,0.217199609,0.217199609
26303,0.030680321,0.068032674,0.064273417,0.064273417
26470,0.078226849,0.129098833,0.157777667,0.157777667
26797,0.10899961,0.175617799,0.071897782,0.071897782
26798,0.107235596,0.111516342,0.264354706,0.264354706
26829,0.11942371,0.129616186,0.138016179,0.138016179
27142,0.094574668,0.043962426,0.275168449,0.275168449
27154,0.072233483,0.126500547,0.08315438,0.08315438
27158,0.069305226,0.157284141,0.296666861,0.296666861
27159,0.066524297,0.139389127,0.109310538,0.109310538
27274,0.057057299,0.109413929,0.188691169,0.188691169
27505,0.087038532,0.071102574,0.237871721,0.237871721
27603,0.113923967,0.142915666,0.16527994,0.16527994
27638,0.026040105,0.07092353,0.069144309,0.069144309
27825,0.093435481,0.146430656,0.170393974,0.170393974
27916,0.080125034,0.162793383,0.225718677,0.225718677
27968,0.117998153,0.189216554,0.216842517,0.216842517
28438,0.134456038,0.051578008,0.286150932,0.286150932
28451,0.143281475,0.119699582,0.107935041,0.107935041
28543,0.069329642,0.115831323,0.243816003,0.243816003
28572,0.050651506,0.124438062,0.159522027,0.159522027
28970,0.13966991,0.113186754,0.077322684,0.077322684
28996,0.130186111,0.131997049,0.126122758,0.126122758
29062,0.135680631,0.173045173,0.163765788,0.163765788
29201,0.094111748,0.155086756,0.262142539,0.262142539
29263,0.078145899,0.077610239,0.110852011,0.110852011
29471,0.037991367,0.091882214,0.181305081,0.181305081
29487,0.042970106,0.048995592,0.26115492,0.26115492
29561,0.16848579,0.210219473,0.205567896,0.205567896
29611,0.098210469,0.019822726,0.128005236,0.128005236
29829,0.115431353,0.182988942,0.115759239,0.115759239
30005,0.088212684,0.085761532,0.186582297,0.186582297
30031,0.11554648,0.150619298,0.098419175,0.098419175
30092,0.147680596,0.125409961,0.223617762,0.223617762
30174,0.071608253,0.183315188,0.150922582,0.150922582
30243,0.132760853,0.093516603,0.115428478,0.115428478
30327,0.085231915,0.088920482,0.282658905,0.282658905
30470,0.152665794,0.215839952,0.010706333,0.010706333
30612,0.171252653,0.150547549,0.108775601,0.108775601
30706,0.176194191,0.200012296,0.082122035,0.082122035
30720,0.174719214,0.196673572,0.365269125,0.365269125
31406,0.105371743,0.178745031,0.240258038,0.240258038
31443,0.185998544,0.113636263,0.255752623,0.255752623
31696,0.192888498,0.228509188,0.120147884,0.120147884
31880,0.102497488,0.162591502,0.301972538,0.301972538
31936,0.172549278,0.179273948,0.245768294,0.245768294
31945,0.117318727,0.13287273,0.190207005,0.190207005
32004,0.11545606,0.083952919,0.141264379,0.141264379
32174,0.145303965,0.148695335,0.133589149,0.133589149
32207,0.167336494,0.123206675,0.239764631,0.239764631
32435,0.028493885,0.098215945,0.141544253,0.141544253
32542,0.108163163,0.146616355,0.152439281,0.152439281
32657,0.188315004,0.170844406,0.207604229,0.207604229
32762,0.136493057,0.139754087,0.159565657,0.159565657
32894,0.119525969,0.115836255,0.171516299,0.171516299
32902,0.142831206,0.177853286,0.271544158,0.271544158
33034,0.068778358,0.225284278,0.320773423,0.320773423
33152,0.116641313,0.106101975,0.28746292,0.28746292
33179,0.127278447,0.021628069,0.114849254,0.114849254
33181,0.138446391,0.142466411,0.181397036,0.181397036
33271,0.102439821,0.076523967,0.171333298,0.171333298
33341,0.089329578,0.096477732,0.191571653,0.191571653
33375,0.1543549,0.167153612,0.166699052,0.166699052
33403,0.081546277,0.099616311,0.27926904,0.27926904
33728,0.069152474,0.13974902,0.153538197,0.153538197
33737,0.144978017,0.110135764,0.166419953,0.166419953
33749,0.121579081,0.100175515,0.139283508,0.139283508
33768,0.10870792,0.143345311,0.213694394,0.213694394
33785,0.076376431,0.163614005,0.244008169,0.244008169
33839,0.093339533,0.138246194,0.277064204,0.277064204
33851,0.131507486,0.152222127,0.119635224,0.119635224
33876,0.117616594,0.14076829,0.390377164,0.390377164
33913,0.108415432,0.172872096,0.277213305,0.277213305
34017,0.16972506,0.109949052,0.197945178,0.197945178
34036,0.157455057,0.077001773,0.256717384,0.256717384
34141,0.144055381,0.127608106,0.227683485,0.227683485
34362,0.080003321,0.036719181,0.160890967,0.160890967
34383,0.121907875,0.20333229,0.156918988,0.156918988
34525,0.15588665,0.187511206,0.144261658,0.144261658
34599,0.146680787,0.108236827,0.301172048,0.301172048
34783,0.159759253,0.104011774,0.219623208,0.219623208
35333,0.189756721,0.174829483,0.125734508,0.125734508
35354,0.115724124,0.242979467,0.183670685,0.183670685
35362,0.128882051,0.172414377,0.163410217,0.163410217
35377,0.07318227,0.193444043,0.2127617,0.2127617
35483,0.091912195,0.038238477,0.127846479,0.127846479
35573,0.159713537,0.158733711,0.172754467,0.172754467
35771,0.1734633,0.126779899,0.127686337,0.127686337
35778,0.179686815,0.194372773,0.16522336,0.16522336
35849,0.178121954,0.12865904,0.264448047,0.264448047
35953,0.094746359,0.118691981,0.374729723,0.374729723
35970,0.035821728,0.217407286,0.161090493,0.161090493
36037,0.177590564,0.165036708,0.156620488,0.156620488
36246,0.163385659,0.157810688,0.170106933,0.170106933
36275,0.131855965,0.143265456,0.119221509,0.119221509
36629,0.120826595,0.107589535,0.187661678,0.187661678
36659,0.103836611,0.141017675,0.159154058,0.159154058
36767,0.16950953,0.12394236,0.109855905,0.109855905
36819,0.146625534,0.193846256,0.083010696,0.083010696
36850,0.130426273,0.079346023,0.270784885,0.270784885
36907,0.132152721,0.132084936,0.118551061,0.118551061
37202,0.074020706,0.093238927,0.22226432,0.22226432
37455,0.055280536,0.117153123,0.232933,0.232933
37489,0.254116893,0.029952962,0.082250275,0.082250275
37764,0.355885923,0.086176053,0.153458923,0.153458923
37876,0.095082812,0.078424677,0.110371858,0.110371858
38192,0.082311906,0.095910922,0.208474681,0.208474681
38439,0.125694096,0.134976208,0.175598174,0.175598174
38455,0.302630246,0.025882687,0.162591591,0.162591591
38720,0.140033156,0.068792373,0.188424975,0.188424975
38840,0.105425738,0.11625585,0.208680674,0.208680674
38981,0.211788833,0.16022414,0.184083581,0.184083581
39005,0.124540135,0.187446341,0.269491434,0.269491434
39296,0.221210197,0.159444571,0.226613551,0.226613551
39702,0.08210966,0.101915479,0.288236946,0.288236946
39730,0.141551659,0.119194075,0.289803267,0.289803267
39781,0.10421513,0.126656935,0.180514574,0.180514574
39878,0.126997456,0.189247519,0.261666477,0.261666477
39909,0.068283871,0.149248242,0.293408453,0.293408453
39914,0.091473863,0.1523799,0.158206716,0.158206716
40020,0.143915325,0.177740484,0.153809831,0.153809831
40296,0.092136279,0.127457231,0.124716833,0.124716833
40500,0.15479143,0.19517222,0.182552278,0.182552278
40647,0.143620878,0.192162186,0.141301215,0.141301215
40663,0.14313297,0.150642976,0.273021877,0.273021877
40667,0.206819057,0.188886344,0.186635777,0.186635777
40700,0.176523924,0.146824002,0.212802202,0.212802202
40720,0.151569366,0.132239431,0.189686969,0.189686969
40793,0.221132994,0.218134716,0.097324967,0.097324967
41040,0.190264225,0.172783032,0.135137841,0.135137841
41244,0.161155581,0.122809,0.113731936,0.113731936
41271,0.235512227,0.24311392,0.165410191,0.165410191
41341,0.210870743,0.146156788,0.193996653,0.193996653
41539,0.166886121,0.175490752,0.123423316,0.123423316
41555,0.133435458,0.14050594,0.124513268,0.124513268
42013,0.161637321,0.166708261,0.188379869,0.188379869
42134,0.186094075,0.141459867,0.201378882,0.201378882
42244,0.13103497,0.162592664,0.246601567,0.246601567
42450,0.204709858,0.142490596,0.174627066,0.174627066
42468,0.184781611,0.147061735,0.116460919,0.116460919
42678,0.192869872,0.170308888,0.129627079,0.129627079
42981,0.147972226,0.19670175,0.192846075,0.192846075
43278,0.198564395,0.227874443,0.21323517,0.21323517
43518,0.170753539,0.14604032,0.273867607,0.273867607
43553,0.16636914,0.203508452,0.21255739,0.21255739
43607,0.169052064,0.18102251,0.20273304,0.20273304
43639,0.243795052,0.215165347,0.32116878,0.32116878
43711,0.179847896,0.206171334,0.238837212,0.238837212
43738,0.214968264,0.177306235,0.199712723,0.199712723
43742,0.19558841,0.198197365,0.270574212,0.270574212
43805,0.194284737,0.171239957,0.100716665,0.100716665
43993,0.188909918,0.148068517,0.128416181,0.128416181
44073,0.183012322,0.144701421,0.157840341,0.157840341
44200,0.143257052,0.181541085,0.127712995,0.127712995
44207,0.201610774,0.244075209,0.20071274,0.20071274
44251,0.166750163,0.185111076,0.186543882,0.186543882
44304,0.211279929,0.140207738,0.28295061,0.28295061
44585,0.155578852,0.199033603,0.227661282,0.227661282
44802,0.113314249,0.141508937,0.276156068,0.276156068
44816,0.165372178,0.144941121,0.263640642,0.263640642
44964,0.162866145,0.19134742,0.295689017,0.295689017
45310,0.190922678,0.197687775,0.198373169,0.198373169
45319,0.208784938,0.190462291,0.246705607,0.246705607
45372,0.153122395,0.148067296,0.307139039,0.307139039
45507,0.18147704,0.205688983,0.175398618,0.175398618
45658,0.182151899,0.198987156,0.170693189,0.170693189
46033,0.171223044,0.1612349,0.247234017,0.247234017
46090,0.19667767,0.234737203,0.178340822,0.178340822
46169,0.18246606,0.236640543,0.304835558,0.304835558
46205,0.17712456,0.197552264,0.188227519,0.188227519
46318,0.175396964,0.212474942,0.258052647,0.258052647
46334,0.141876146,0.176905781,0.12274085,0.12274085
46413,0.182810426,0.208339572,0.309913993,0.309913993
46499,0.197695062,0.168726921,0.314286828,0.314286828
47241,0.149500787,0.169740692,0.263399065,0.263399065
47301,0.186476424,0.214156806,0.10630732,0.10630732
47321,0.14761956,0.158503592,0.196395323,0.196395323
47489,0.25351727,0.201888174,0.206913561,0.206913561
47585,0.134202927,0.157026008,0.144451708,0.144451708
47638,0.174789339,0.169950813,0.299922526,0.299922526
47669,0.1934001,0.172723979,0.188547045,0.188547045
47705,0.187993035,0.180165559,0.187657341,0.187657341
47744,0.188007057,0.127621338,0.166224211,0.166224211
47882,0.177000642,0.16770643,0.313857496,0.313857496
47947,0.140588939,0.077163853,0.166911572,0.166911572
47970,0.137453884,0.164228067,0.075724028,0.075724028
48076,0.199002907,0.180534244,0.236998707,0.236998707
48181,0.165777683,0.151184335,0.285695881,0.285695881
48227,0.192997605,0.211642802,0.193284899,0.193284899
48522,0.182770073,0.210591078,0.230950624,0.230950624
48844,0.175568759,0.137889177,0.245976985,0.245976985
49272,0.197312757,0.157091111,0.24387756,0.24387756
49326,0.223475441,0.182534039,0.247475833,0.247475833
49351,0.218760028,0.119335733,0.164147973,0.164147973
49477,0.194991052,0.188874185,0.156325072,0.156325072
49558,0.143974185,0.173716441,0.152449608,0.152449608
49619,0.119366348,0.123869263,0.120201595,0.120201595
50006,0.205496997,0.260355413,0.154812276,0.154812276
50056,0.184242487,0.183715731,0.12686789,0.12686789
50149,0.209858745,0.224405706,0.3854478,0.3854478
50165,0.170088291,0.147154734,0.266696513,0.266696513
50195,0.138726667,0.115052491,0.201949075,0.201949075
50268,0.165697381,0.181052536,0.271822482,0.271822482
50629,0.168782443,0.198673368,0.232728794,0.232728794
50819,0.196232781,0.159041777,0.396617234,0.396617234
50979,0.202026486,0.174165681,0.128178537,0.128178537
51134,0.203592986,0.204199344,0.251562744,0.251562744
51227,0.163465142,0.121327713,0.104978144,0.104978144
51282,0.19414711,0.182866365,0.179323763,0.179323763
51342,0.178539082,0.172990844,0.131644413,0.131644413
51750,0.136048838,0.214532852,0.172149599,0.172149599
51798,0.191746369,0.159609914,0.281627923,0.281627923
51806,0.204535946,0.192103088,0.146475598,0.146475598
51954,0.167108119,0.187660873,0.407262832,0.407262832
52001,0.185251921,0.178321585,0.229672372,0.229672372
52067,0.213611871,0.207179174,0.153672844,0.153672844
52237,0.186714038,0.211578578,0.211800486,0.211800486
52292,0.175314441,0.24316372,0.166693062,0.166693062
52353,0.227725178,0.217471629,0.234054983,0.234054983
52510,0.130972818,0.113213748,0.226158917,0.226158917
52528,0.22779721,0.245431632,0.140179724,0.140179724
52682,0.186179012,0.191221863,0.111511856,0.111511856
52906,0.170655921,0.170177892,0.316842318,0.316842318
52939,0.175426453,0.220164418,0.19069317,0.19069317
53092,0.184262872,0.139364496,0.14868778,0.14868778
53107,0.226997793,0.232832238,0.135455191,0.135455191
53468,0.260445207,0.077278882,0.218713388,0.218713388
53706,0.216375977,0.240020052,0.236426055,0.236426055
53713,0.214881286,0.219712839,0.190774679,0.190774679
53717,0.227413774,0.176576957,0.183584005,0.183584005
53721,0.191934854,0.186102778,0.218783677,0.218783677
53862,0.177251011,0.173485443,0.161228508,0.161228508
53906,0.118626505,0.247613013,0.20834893,0.20834893
54072,0.181477085,0.205993518,0.240483969,0.240483969
54087,0.200839162,0.180254295,0.171463847,0.171463847
54108,0.233081609,0.189029574,0.122979879,0.122979879
54123,0.135410875,0.176482454,0.242415518,0.242415518
54241,0.14574194,0.159776449,0.230379105,0.230379105
54691,0.162201285,0.147928178,0.165856004,0.165856004
54807,0.214372277,0.208878249,0.224967331,0.224967331
54937,0.163049698,0.105645046,0.188677341,0.188677341
54982,0.192268848,0.220968306,0.092020445,0.092020445
55193,0.22020179,0.179292768,0.262633383,0.262633383
55299,0.164692014,0.189868048,0.11984773,0.11984773
55302,0.179437786,0.197228491,0.1707948,0.1707948
55328,0.180720627,0.154412448,0.182513177,0.182513177
55359,0.189183682,0.189859509,0.255949229,0.255949229
55543,0.177200466,0.183226392,0.173062414,0.173062414
55551,0.213618129,0.217454687,0.162454426,0.162454426
55713,0.205263361,0.208635464,0.211114049,0.211114049
55766,0.209947944,0.185259238,0.223920986,0.223920986
56091,0.193552762,0.192781255,0.235745072,0.235745072
56337,0.152594686,0.175845474,0.246861607,0.246861607
56507,0.195530891,0.184792146,0.246052474,0.246052474
56521,0.204506874,0.218904465,0.244726077,0.244726077
56608,0.222343862,0.19447729,0.221695751,0.221695751
56787,0.211066887,0.190879107,0.246146902,0.246146902
56820,0.239246652,0.205821857,0.215686619,0.215686619
56999,0.247457176,0.220852017,0.210690171,0.210690171
57299,0.226406664,0.186035365,0.159274444,0.159274444
57305,0.177850381,0.202398539,0.170040846,0.170040846
57484,0.223951772,0.222941071,0.231317535,0.231317535
57760,0.20906046,0.153286457,0.182711393,0.182711393
58295,0.261703253,0.190510064,0.222936988,0.222936988
58440,0.176956028,0.216699392,0.109607175,0.109607175
58556,0.166266531,0.194585592,0.196373761,0.196373761
58641,0.226570234,0.230576336,0.218226135,0.218226135
58719,0.227489144,0.204322577,0.177513421,0.177513421
58746,0.21900408,0.152470455,0.189253613,0.189253613
58763,0.232275501,0.259415001,0.127060801,0.127060801
59030,0.155608326,0.157737911,0.272050947,0.272050947
59264,0.249791816,0.217281505,0.148830473,0.148830473
59311,0.172944307,0.203917742,0.159672126,0.159672126
59432,0.209665895,0.213513225,0.097725034,0.097725034
59640,0.197111011,0.177746147,0.076290861,0.076290861
59670,0.160827532,0.19425948,0.128503993,0.128503993
59737,0.208922431,0.22223106,0.320531636,0.320531636
60179,0.228729934,0.199442863,0.175339878,0.175339878
60185,0.222075671,0.182210565,0.225002706,0.225002706
60207,0.199076325,0.138049006,0.269197285,0.269197285
60297,0.220431894,0.216992706,0.180580705,0.180580705
60475,0.201921657,0.193995684,0.191573352,0.191573352
61122,0.224247068,0.204981282,0.210375547,0.210375547
61205,0.245739192,0.20271644,0.119247042,0.119247042
61276,0.173470914,0.205634981,0.162587762,0.162587762
61438,0.201920211,0.178951919,0.160725757,0.160725757
61534,0.205546543,0.180677414,0.219230205,0.219230205
61680,0.199723691,0.19921875,0.133324236,0.133324236
62139,0.20333834,0.189214885,0.233187884,0.233187884
62219,0.223476022,0.207277879,0.137975484,0.137975484
62516,0.200658113,0.208842576,0.349862754,0.349862754
62547,0.220170721,0.266952574,0.260430515,0.260430515
62555,0.1813844,0.12709333,0.374075413,0.374075413
62874,0.168922007,0.169586927,0.229660839,0.229660839
63024,0.18931292,0.177426189,0.158029854,0.158029854
63220,0.178538918,0.167692095,0.214199007,0.214199007
63358,0.221117601,0.217964619,0.206999466,0.206999466
63428,0.232089654,0.196329296,0.172389954,0.172389954
63429,0.232579112,0.19370684,0.272198737,0.272198737
63513,0.215730041,0.196590528,0.226027459,0.226027459
63671,0.171071202,0.133389622,0.126699194,0.126699194
63865,0.228072286,0.199087948,0.230569497,0.230569497
63988,0.214525789,0.168346196,0.206204951,0.206204951
64098,0.215338796,0.197790295,0.158924595,0.158924595
64225,0.200765699,0.194155261,0.308030039,0.308030039
64511,0.253421336,0.249965042,0.179764345,0.179764345
64521,0.244130433,0.14402774,0.214883253,0.214883253
64687,0.222495288,0.182391524,0.247223586,0.247223586
64889,0.210557967,0.184936911,0.142202467,0.142202467
65054,0.156144515,0.173091665,0.278218746,0.278218746
65245,0.224943534,0.198921651,0.148579642,0.148579642
65292,0.228953779,0.16635254,0.261377394,0.261377394
65375,0.184804767,0.17456843,0.279288352,0.279288352
65450,0.18376182,0.212459862,0.214656979,0.214656979
65481,0.230624616,0.226510584,0.301991493,0.301991493
65601,0.143744588,0.179594308,0.244197547,0.244197547
65643,0.217160255,0.221549734,0.184003711,0.184003711
65709,0.194446042,0.198595181,0.277643323,0.277643323
65907,0.248386845,0.192971736,0.22210215,0.22210215
66049,0.226596683,0.21366483,0.140160874,0.140160874
66298,0.265393823,0.194427833,0.132944882,0.132944882
66647,0.224722177,0.219627798,0.255513191,0.255513191
66787,0.206112206,0.184844181,0.262173355,0.262173355
66948,0.227816373,0.216274798,0.236760959,0.236760959
66976,0.220484853,0.2109465,0.154407814,0.154407814
67021,0.223750949,0.166927397,0.291876167,0.291876167
67440,0.213798895,0.18551138,0.160046533,0.160046533
67474,0.189384609,0.205420464,0.263727069,0.263727069
67513,0.178611755,0.203194588,0.213689283,0.213689283
68263,0.287083924,0.215643883,0.207042053,0.207042053
68281,0.222239703,0.220455855,0.207062304,0.207062304
68378,0.261214852,0.227874637,0.114175618,0.114175618
68429,0.242545485,0.209286958,0.367009968,0.367009968
68512,0.236779153,0.197100669,0.138145611,0.138145611
68590,0.219496787,0.19238019,0.188947573,0.188947573
68929,0.253933161,0.210080206,0.288325429,0.288325429
68988,0.187352136,0.15416564,0.426015764,0.426015764
69171,0.198201895,0.17694664,0.261294425,0.261294425
69185,0.219453663,0.193653926,0.140183091,0.140183091
69455,0.224128395,0.182016313,0.18644622,0.18644622
69476,0.251810789,0.230540723,0.145357341,0.145357341
69662,0.279355049,0.214064509,0.319726825,0.319726825
69719,0.249919713,0.214424223,0.081743956,0.081743956
69798,0.22148025,0.175832897,0.198696941,0.198696941
69915,0.211724639,0.172212705,0.218716562,0.218716562
70462,0.165430486,0.127158329,0.341375679,0.341375679
70493,0.220528781,0.204434037,0.215212271,0.215212271
70580,0.224204436,0.218881756,0.245680392,0.245680392
70656,0.198424369,0.201879755,0.225306839,0.225306839
70915,0.235661954,0.194856733,0.252543211,0.252543211
70996,0.240179271,0.221043035,0.236095756,0.236095756
71314,0.20173797,0.200048164,0.214382187,0.214382187
71428,0.222587064,0.190453112,0.197169945,0.197169945
71554,0.243699029,0.21443446,0.292402655,0.292402655
71580,0.160371542,0.06837602,0.199523389,0.199523389
71696,0.216515318,0.186826319,0.241726428,0.241726428
71850,0.231801242,0.203684315,0.289700478,0.289700478
71906,0.210613787,0.219464839,0.236304119,0.236304119
71957,0.23015964,0.167991698,0.201145172,0.201145172
71979,0.191187456,0.202387273,0.186723486,0.186723486
72012,0.241889805,0.227430463,0.285084784,0.285084784
72037,0.220621765,0.227966398,0.235628322,0.235628322
72197,0.232414857,0.195272341,0.175474063,0.175474063
72275,0.2299539,0.2237854,0.190514892,0.190514892
72297,0.197295576,0.205394045,0.239327967,0.239327967
72299,0.169318691,0.186572194,0.265387386,0.265387386
72401,0.234331518,0.209792137,0.297545642,0.297545642
72404,0.257414579,0.232327074,0.224765301,0.224765301
72558,0.232315451,0.17552653,0.229945615,0.229945615
72723,0.185192376,0.18324858,0.178428322,0.178428322
72873,0.173198432,0.161395341,0.227752686,0.227752686
73009,0.222279072,0.198954225,0.262682587,0.262682587
73179,0.213667572,0.188254133,0.269697905,0.269697905
73318,0.213984951,0.173294231,0.219641581,0.219641581
73789,0.247510955,0.208679974,0.297506094,0.297506094
73794,0.263627112,0.212304413,0.19640848,0.19640848
73841,0.245179534,0.18715778,0.236690208,0.236690208
73901,0.240185767,0.193674982,0.184576631,0.184576631
73924,0.225968719,0.2299954,0.358096957,0.358096957
74011,0.242707387,0.210782245,0.224677175,0.224677175
74187,0.205624357,0.135143533,0.143886209,0.143886209
74194,0.189162523,0.172601193,0.23412177,0.23412177
74865,0.213813558,0.222207606,0.138214022,0.138214022
74901,0.178266764,0.178744763,0.230193436,0.230193436
75140,0.237320572,0.174644232,0.148187131,0.148187131
75171,0.220377028,0.155597523,0.152855575,0.152855575
75469,0.240703419,0.237977251,0.096973881,0.096973881
75487,0.133145273,0.063187629,0.196710959,0.196710959
75567,0.242329776,0.18343471,0.176629141,0.176629141
75629,0.257131606,0.200129032,0.223874092,0.223874092
75697,0.231951714,0.188893363,0.164576232,0.164576232
75928,0.2324211,0.207850218,0.240806133,0.240806133
76056,0.234359145,0.194958568,0.288192749,0.288192749
76099,0.25292176,0.211227089,0.233210266,0.233210266
76218,0.195552602,0.188771993,0.277385563,0.277385563
76431,0.2467141,0.217180461,0.224993229,0.224993229
76482,0.184425682,0.183380023,0.20131138,0.20131138
76626,0.221947476,0.188292965,0.175834805,0.175834805
76673,0.257239193,0.225521117,0.277505577,0.277505577
76705,0.211515814,0.224352255,0.210059404,0.210059404
76790,0.196718141,0.123727389,0.206096128,0.206096128
76906,0.204206258,0.176305726,0.306022048,0.306022048
76913,0.222894579,0.183710933,0.203662366,0.203662366
76924,0.23418054,0.209896162,0.080416828,0.080416828
77198,0.221875012,0.168522269,0.233925685,0.233925685
77324,0.195455283,0.144500405,0.175974488,0.175974488
77460,0.192520499,0.111242391,0.286379457,0.286379457
77530,0.176450148,0.148158729,0.267914355,0.267914355
77643,0.222320169,0.177863568,0.165028274,0.165028274
77802,0.22356087,0.210138172,0.167040855,0.167040855
77901,0.219532639,0.189668879,0.22106868,0.22106868
78135,0.18920508,0.180560455,0.220878899,0.220878899
78208,0.252057254,0.212624043,0.131960154,0.131960154
78265,0.210519671,0.160155222,0.172761351,0.172761351
78775,0.218793422,0.209767431,0.255868673,0.255868673
78843,0.218666896,0.194870248,0.249315202,0.249315202
78920,0.257489651,0.220958397,0.191960365,0.191960365
78934,0.202112645,0.196271226,0.190116763,0.190116763
78973,0.195802495,0.170956686,0.234237224,0.234237224
79005,0.163239568,0.150261492,0.231783688,0.231783688
79309,0.238865316,0.207488388,0.194425493,0.194425493
79418,0.220070064,0.196091503,0.178811669,0.178811669
79597,0.258262902,0.212670147,0.223666936,0.223666936
79620,0.261416733,0.208776236,0.20475027,0.20475027
79812,0.155773908,0.113040075,0.189269841,0.189269841
79975,0.193165675,0.190378398,0.283426046,0.283426046
79998,0.204556197,0.148604214,0.174881518,0.174881518
80031,0.253907412,0.216062889,0.191624075,0.191624075
80035,0.196459919,0.182168692,0.15275982,0.15275982
80100,0.191107839,0.202443928,0.290358067,0.290358067
80165,0.202998281,0.167831495,0.274895251,0.274895251
80351,0.23803018,0.18682608,0.230787426,0.230787426
80390,0.257005095,0.190124288,0.20629704,0.20629704
80406,0.183897749,0.179560691,0.11717625,0.11717625
80550,0.2424739,0.20826593,0.228384241,0.228384241
80576,0.25168854,0.230179876,0.154695451,0.154695451
80613,0.222770423,0.155538067,0.286789149,0.286789149
80826,0.176726237,0.153632492,0.2328334,0.2328334
80996,0.220840663,0.181502938,0.127228856,0.127228856
81015,0.21157226,0.16470176,0.19359234,0.19359234
81117,0.25420633,0.199054807,0.277092785,0.277092785
81381,0.240870863,0.20462653,0.24160552,0.24160552
81494,0.206117213,0.21382241,0.266660869,0.266660869
81529,0.185099453,0.196139902,0.189850837,0.189850837
81952,0.255117208,0.193291903,0.24044615,0.24044615
82080,0.173121065,0.186516225,0.33779496,0.33779496
82736,0.159028322,0.148211136,0.125317484,0.125317484
82770,0.196625412,0.184426069,0.204674214,0.204674214
82831,0.243133038,0.197934777,0.296658218,0.296658218
82849,0.213981628,0.167225897,0.264189243,0.264189243
82924,0.230602711,0.209736213,0.377637684,0.377637684
83075,0.185124844,0.22770983,0.23611103,0.23611103
83127,0.274211228,0.222529575,0.199809179,0.199809179
83267,0.191227585,0.210015699,0.223075613,0.223075613
83510,0.229896486,0.19066976,0.238148183,0.238148183
83762,0.202322602,0.191139564,0.088911377,0.088911377
83923,0.207818985,0.181356624,0.240324885,0.240324885
83971,0.218381584,0.190690786,0.216399968,0.216399968
84165,0.243119091,0.198156789,0.126076818,0.126076818
84197,0.197659224,0.166341677,0.110453136,0.110453136
84205,0.19094345,0.173940629,0.227066249,0.227066249
84394,0.199552178,0.196883544,0.214488357,0.214488357
84409,0.235609442,0.203616112,0.218483329,0.218483329
84475,0.163382888,0.208184183,0.359455734,0.359455734
84601,0.207374394,0.195198104,0.304465115,0.304465115
84686,0.216683567,0.184738725,0.213095874,0.213095874
84740,0.234244213,0.193459779,0.21700719,0.21700719
84818,0.216970623,0.139128968,0.293762416,0.293762416
85020,0.192878127,0.20679459,0.138290539,0.138290539
85052,0.225564435,0.21662274,0.267264873,0.267264873
85089,0.213905275,0.222615629,0.137473702,0.137473702
85169,0.219290346,0.194264531,0.223667979,0.223667979
85320,0.252926081,0.224138066,0.23372151,0.23372151
85508,0.209553108,0.189806625,0.213602185,0.213602185
85539,0.200998664,0.194679648,0.176264331,0.176264331
85572,0.237192154,0.199143499,0.251300812,0.251300812
85686,0.208861768,0.205327362,0.265031636,0.265031636
85749,0.233271018,0.220763162,0.232796341,0.232796341
85985,0.249382645,0.205416769,0.359199435,0.359199435
86014,0.20964399,0.18680656,0.236112297,0.236112297
86452,0.223714203,0.195470393,0.149460763,0.149460763
86642,0.217344865,0.206220627,0.18813096,0.18813096
86649,0.25109458,0.225448221,0.259036601,0.259036601
86780,0.230342939,0.225180328,0.285917997,0.285917997
86793,0.211387694,0.222039938,0.21007815,0.21007815
86839,0.219189852,0.157213539,0.277821302,0.277821302
86865,0.22154285,0.227293074,0.226860598,0.226860598
87008,0.214513004,0.205869347,0.38724488,0.38724488
87393,0.217336878,0.210184157,0.141923115,0.141923115
87450,0.223265499,0.198944002,0.229807228,0.229807228
87556,0.20946832,0.201052368,0.145518973,0.145518973
87621,0.211628705,0.228130609,0.096762516,0.096762516
87666,0.214473575,0.209749296,0.223838285,0.223838285
87829,0.167293504,0.169763967,0.235450089,0.235450089
88093,0.188146606,0.157945707,0.267679393,0.267679393
88137,0.208159655,0.182886511,0.206583723,0.206583723
88374,0.224524349,0.187847465,0.304913163,0.304913163
88441,0.192153633,0.204602808,0.200108379,0.200108379
88674,0.202894866,0.172400519,0.241254061,0.241254061
88766,0.221742675,0.202414066,0.163389772,0.163389772
88815,0.238332406,0.209020287,0.225120023,0.225120023
88922,0.25384891,0.223110944,0.205198735,0.205198735
89262,0.202738106,0.20505169,0.247885197,0.247885197
89347,0.169187546,0.187706351,0.334738344,0.334738344
89363,0.217494205,0.179013133,0.296322942,0.296322942
89745,0.228682443,0.239349455,0.234524891,0.234524891
89762,0.279599279,0.261776358,0.239466801,0.239466801
89873,0.226288557,0.195327401,0.204059094,0.204059094
89892,0.224792212,0.209724411,0.233404815,0.233404815
89973,0.229650736,0.185157448,0.209633857,0.209633857
90035,0.201902896,0.189420745,0.214922413,0.214922413
90237,0.233560562,0.213188738,0.20539701,0.20539701
90450,0.197082847,0.213322878,0.186344743,0.186344743
91074,0.224270731,0.198260933,0.210185081,0.210185081
91094,0.25164181,0.243772984,0.246078163,0.246078163
91300,0.240990877,0.201650739,0.2831209,0.2831209
91474,0.209658384,0.212630376,0.31275773,0.31275773
91624,0.201056972,0.203833848,0.231363654,0.231363654
91644,0.212836161,0.234929591,0.224088073,0.224088073
91647,0.22827363,0.21354045,0.267003745,0.267003745
91709,0.220748544,0.217932582,0.28476733,0.28476733
91732,0.234177902,0.199272797,0.180847481,0.180847481
91735,0.220128894,0.198736221,0.250100702,0.250100702
92094,0.247173652,0.245110095,0.216291398,0.216291398
92120,0.254722297,0.234565839,0.167481989,0.167481989
92246,0.208906353,0.194607794,0.229977384,0.229977384
92309,0.244133025,0.236133635,0.148920015,0.148920015
92729,0.240193248,0.208928704,0.37004292,0.37004292
92788,0.233559877,0.187146485,0.265897721,0.265897721
92790,0.235760063,0.233302921,0.224652112,0.224652112
92821,0.216083959,0.202228665,0.206115782,0.206115782
92892,0.233797267,0.21982801,0.145152509,0.145152509
93126,0.245485619,0.220041007,0.307070374,0.307070374
93223,0.207435176,0.217515886,0.289126009,0.289126009
93471,0.226996228,0.212791294,0.199601993,0.199601993
93901,0.240325153,0.190401554,0.237355262,0.237355262
94061,0.255302966,0.194335818,0.224689901,0.224689901
94380,0.234570816,0.205656543,0.165012762,0.165012762
94424,0.213207036,0.205554053,0.162458122,0.162458122
94536,0.232125431,0.2422515,0.182498276,0.182498276
94784,0.248709172,0.241357043,0.167789251,0.167789251
94891,0.223128557,0.215925068,0.159935027,0.159935027
95030,0.220664397,0.14036724,0.199061066,0.199061066
95057,0.251333803,0.224900946,0.210302889,0.210302889
95184,0.213584661,0.178663805,0.196106464,0.196106464
95321,0.23674956,0.215955615,0.284676522,0.284676522
95377,0.230705157,0.221052617,0.250040919,0.250040919
95409,0.286426693,0.23058553,0.230302498,0.230302498
95480,0.225196213,0.243640199,0.303536683,0.303536683
95860,0.224774301,0.196432933,0.28044346,0.28044346
95949,0.241451487,0.202837467,0.309803009,0.309803009
95972,0.211441994,0.196884453,0.223186567,0.223186567
96032,0.226934984,0.165601328,0.192857981,0.192857981
96301,0.205413997,0.18838352,0.298639625,0.298639625
96381,0.254565179,0.213836521,0.283570975,0.283570975
96465,0.219199464,0.20759806,0.206676215,0.206676215
96505,0.206465125,0.186011136,0.218047976,0.218047976
96535,0.239130244,0.223713771,0.281188309,0.281188309
96600,0.221272975,0.203918099,0.209700108,0.209700108
96632,0.180986017,0.173559546,0.22993806,0.22993806
97018,0.245978475,0.226399854,0.308902234,0.308902234
97156,0.177624658,0.216333896,0.201696858,0.201696858
97226,0.233456552,0.209652096,0.180979744,0.180979744
97296,0.257254303,0.236725032,0.237807333,0.237807333
97416,0.274610817,0.240256727,0.264546126,0.264546126
97460,0.217719674,0.221903756,0.193995789,0.193995789
97596,0.215185598,0.184075028,0.179621816,0.179621816
97653,0.235507458,0.219547093,0.137391239,0.137391239
97742,0.224025011,0.220648885,0.154354632,0.154354632
97796,0.229412168,0.244442463,0.246758595,0.246758595
97876,0.21960482,0.182555586,0.131958574,0.131958574
97986,0.274172962,0.233963624,0.22175099,0.22175099
97996,0.2431871,0.21159637,0.224457443,0.224457443
98139,0.245091856,0.235390604,0.258722901,0.258722901
98212,0.239793956,0.219415396,0.193337858,0.193337858
98404,0.26854676,0.18913579,0.249490872,0.249490872
98474,0.222309083,0.199061096,0.217961669,0.217961669
98523,0.217980355,0.219212219,0.330212057,0.330212057
98605,0.217722297,0.250443399,0.229038283,0.229038283
98754,0.273895979,0.248579204,0.302271843,0.302271843
98990,0.260418206,0.243504807,0.186164558,0.186164558
99055,0.25316298,0.192521617,0.237875909,0.237875909
99506,0.254944324,0.239091098,0.183876485,0.183876485
99527,0.272998452,0.229476407,0.306149602,0.306149602
99612,0.238636643,0.2193515,0.166237861,0.166237861
99614,0.1993763,0.208974361,0.179052785,0.179052785
99884,0.232141331,0.182403415,0.262646973,0.262646973
100284,0.196411535,0.202077091,0.270589769,0.270589769
100323,0.248978823,0.228524178,0.209564403,0.209564403
100489,0.249532357,0.233584702,0.247647226,0.247647226
100566,0.249720186,0.212382644,0.191404492,0.191404492
100589,0.25596261,0.24607341,0.261018425,0.261018425
100751,0.220325381,0.221709356,0.218379527,0.218379527
100858,0.218921825,0.20272091,0.219071329,0.219071329
100890,0.272878051,0.242853254,0.261550307,0.261550307
100917,0.25545913,0.213607892,0.194622442,0.194622442
100926,0.268044055,0.2190191,0.168891698,0.168891698
100997,0.234066501,0.211863816,0.195738703,0.195738703
101072,0.241870388,0.244355232,0.182877153,0.182877153
101155,0.246687919,0.206426844,0.194835454,0.194835454
101234,0.216183171,0.193479151,0.207302898,0.207302898
101335,0.293419003,0.218599796,0.262872875,0.262872875
101355,0.250624865,0.196133226,0.221574202,0.221574202
101431,0.256137937,0.24157849,0.248239815,0.248239815
101488,0.242563114,0.209971786,0.200289994,0.200289994
101499,0.232137546,0.230966091,0.315360129,0.315360129
101923,0.259126663,0.235208809,0.329071105,0.329071105
101943,0.258932143,0.228854418,0.244021267,0.244021267
102300,0.254048914,0.214340806,0.387287617,0.387287617
102307,0.248098552,0.221732378,0.305279046,0.305279046
102475,0.212051362,0.181648239,0.211813748,0.211813748
102509,0.232431471,0.174167052,0.221970484,0.221970484
102541,0.236087322,0.203310728,0.163527191,0.163527191
102595,0.206141233,0.192340791,0.218298897,0.218298897
102685,0.228962138,0.195476621,0.173231453,0.173231453
102880,0.229128838,0.230312183,0.265170574,0.265170574
102911,0.240149111,0.211536184,0.231727809,0.231727809
102966,0.241660893,0.214197487,0.232118443,0.232118443
103001,0.196724504,0.203463256,0.210689098,0.210689098
103011,0.197936177,0.175407037,0.156546772,0.156546772
103206,0.23972258,0.225718662,0.198799476,0.198799476
103317,0.241992444,0.230241179,0.143789679,0.143789679
103462,0.190697879,0.17016162,0.200390428,0.200390428
103517,0.232326806,0.226432979,0.275194168,0.275194168
103729,0.205908984,0.218374774,0.148463756,0.148463756
103947,0.232375905,0.2095882,0.24769412,0.24769412
104276,0.189822912,0.168539315,0.252774239,0.252774239
104334,0.239832252,0.216148794,0.187835217,0.187835217
104704,0.194662064,0.144376904,0.240634114,0.240634114
104808,0.223538876,0.207892358,0.132138789,0.132138789
104822,0.226930499,0.203244567,0.153073922,0.153073922
104841,0.227532402,0.205712259,0.258910656,0.258910656
104882,0.216147617,0.218826726,0.17744723,0.17744723
104896,0.257619619,0.237299204,0.224545956,0.224545956
104911,0.2793051,0.224961847,0.185182974,0.185182974
104924,0.223298281,0.174865246,0.255217671,0.255217671
104963,0.257080883,0.227188736,0.197874725,0.197874725
105003,0.250825286,0.210472479,0.287704706,0.287704706
105012,0.217985958,0.202891722,0.251898706,0.251898706
105069,0.26689285,0.25633198,0.204542041,0.204542041
105093,0.262214601,0.222424328,0.267591447,0.267591447
105263,0.28257817,0.261260748,0.225794345,0.225794345
105265,0.244179785,0.219205007,0.194942802,0.194942802
105434,0.235471398,0.217722967,0.23092261,0.23092261
105610,0.189648956,0.182245582,0.253723979,0.253723979
105702,0.237682015,0.213811606,0.236313164,0.236313164
105774,0.258255839,0.251249433,0.254043996,0.254043996
105788,0.205330506,0.206467062,0.202052712,0.202052712
105981,0.223438889,0.193417072,0.287897706,0.287897706
106210,0.230903521,0.207525194,0.198802784,0.198802784
106267,0.219568923,0.206141114,0.161306739,0.161306739
106390,0.259499133,0.204480186,0.236021876,0.236021876
106566,0.220416665,0.217413142,0.188680008,0.188680008
106666,0.187620372,0.214457855,0.246241212,0.246241212
106769,0.224562183,0.197531924,0.181915551,0.181915551
107103,0.242015541,0.223018199,0.158221275,0.158221275
107764,0.243896961,0.226623446,0.22819759,0.22819759
107804,0.244110107,0.209797665,0.216251478,0.216251478
107837,0.207406521,0.174409434,0.199458301,0.199458301
108021,0.268802583,0.212158263,0.17723152,0.17723152
108449,0.238625914,0.203827456,0.238296151,0.238296151
108586,0.175168782,0.196938947,0.175777555,0.175777555
108860,0.218724236,0.20186016,0.239645645,0.239645645
109098,0.23977831,0.217094094,0.196783483,0.196783483
109242,0.235681295,0.203299299,0.174425721,0.174425721
109243,0.221781939,0.250518084,0.251689315,0.251689315
109301,0.234604329,0.200862885,0.194255859,0.194255859
109497,0.231313184,0.232334197,0.195666477,0.195666477
109501,0.217338279,0.214395523,0.160516113,0.160516113
109580,0.242673099,0.190347999,0.169622868,0.169622868
109822,0.210235193,0.192423284,0.202778161,0.202778161
110063,0.232967094,0.233337939,0.223202676,0.223202676
110191,0.246993273,0.222905114,0.222903669,0.222903669
110224,0.237008452,0.217830986,0.249946982,0.249946982
110306,0.293588102,0.187491059,0.312154293,0.312154293
110418,0.22415778,0.167025417,0.306718171,0.306718171
110478,0.264053881,0.195792288,0.214116544,0.214116544
110586,0.26818192,0.218018338,0.232937261,0.232937261
110622,0.261045456,0.228987113,0.222996444,0.222996444
110641,0.220110402,0.220595017,0.210949033,0.210949033
110737,0.21918273,0.186852142,0.201969862,0.201969862
110781,0.211486429,0.199314475,0.204478174,0.204478174
111194,0.233573303,0.244771689,0.184989065,0.184989065
111235,0.199214548,0.223324537,0.210794359,0.210794359
111323,0.237639964,0.225688189,0.207761854,0.207761854
111545,0.236150563,0.14177987,0.264244437,0.264244437
111581,0.215623051,0.208124936,0.280808687,0.280808687
111698,0.236152723,0.197996348,0.260223508,0.260223508
111887,0.216774553,0.192958623,0.208715886,0.208715886
111915,0.246799633,0.246687591,0.229757056,0.229757056
112470,0.234897047,0.196850166,0.261226356,0.261226356
112664,0.243232936,0.237595841,0.234893277,0.234893277
112703,0.241569951,0.167444751,0.265960753,0.265960753
112902,0.267680496,0.234403342,0.174261853,0.174261853
113322,0.228960529,0.214546904,0.277410835,0.277410835
113463,0.184886903,0.232321024,0.237517327,0.237517327
113589,0.239198953,0.211107686,0.2403512,0.2403512
113741,0.261459827,0.235782728,0.221996278,0.221996278
113980,0.257964581,0.228707597,0.216983318,0.216983318
114292,0.240898296,0.214586705,0.215588182,0.215588182
114298,0.233713627,0.209521666,0.231382057,0.231382057
114459,0.269246042,0.209855586,0.235222474,0.235222474
114467,0.25497514,0.203013048,0.238263041,0.238263041
114703,0.229057685,0.195418432,0.236145616,0.236145616
114820,0.261821717,0.229772165,0.258719862,0.258719862
115096,0.233233452,0.200805783,0.193825543,0.193825543
115149,0.253447115,0.232123539,0.187279075,0.187279075
115506,0.257345498,0.234451741,0.217029914,0.217029914
115518,0.224521831,0.210360944,0.211389318,0.211389318
115765,0.252807349,0.216967434,0.220045984,0.220045984
115772,0.268531531,0.179733545,0.260250509,0.260250509
115878,0.255524218,0.206192613,0.197242081,0.197242081
116039,0.205207244,0.227753997,0.21825923,0.21825923
116129,0.24195604,0.221706614,0.220894188,0.220894188
116387,0.240855873,0.221157625,0.201342165,0.201342165
116453,0.256792694,0.200530559,0.294321656,0.294321656
116624,0.202757642,0.183003306,0.278358161,0.278358161
116673,0.221694142,0.21376358,0.426623881,0.426623881
116711,0.204093158,0.201363444,0.287748396,0.287748396
116745,0.231071919,0.205975771,0.229991004,0.229991004
116783,0.25817892,0.217185915,0.26228565,0.26228565
116822,0.226514369,0.221804947,0.241947934,0.241947934
116885,0.222269371,0.188437521,0.270954728,0.270954728
116938,0.228295326,0.207900643,0.259436399,0.259436399
116977,0.216902748,0.2011154,0.146995515,0.146995515
117016,0.228320181,0.191059113,0.315026671,0.315026671
117030,0.281699657,0.22683613,0.233688712,0.233688712
117047,0.272229522,0.222151577,0.305002093,0.305002093
117155,0.235027149,0.170908868,0.181843489,0.181843489
117175,0.245783105,0.200692981,0.313237846,0.313237846
117209,0.247983828,0.232041463,0.247780308,0.247780308
117267,0.279212564,0.222708046,0.233802736,0.233802736
117635,0.239025265,0.223148748,0.170416474,0.170416474
117686,0.242628381,0.191606477,0.18728976,0.18728976
117825,0.253900439,0.201669708,0.248615474,0.248615474
117941,0.234393016,0.189081863,0.222472787,0.222472787
118161,0.240038007,0.217587113,0.227265209,0.227265209
118190,0.247770473,0.212406367,0.193914488,0.193914488
118651,0.207396075,0.178609252,0.250376344,0.250376344
118908,0.231663674,0.1899786,0.253181636,0.253181636
118937,0.271867275,0.224343777,0.247557059,0.247557059
118998,0.275305986,0.219007224,0.172161177,0.172161177
119302,0.224039137,0.201417625,0.24936755,0.24936755
119447,0.233900458,0.206132054,0.292768985,0.292768985
119470,0.217108116,0.209800944,0.198220551,0.198220551
119549,0.216217265,0.226272777,0.23587811,0.23587811
119979,0.240058526,0.193202704,0.288645744,0.288645744
119994,0.243068486,0.188490853,0.277272552,0.277272552
120193,0.246241003,0.235377908,0.247372389,0.247372389
120291,0.260415345,0.209737152,0.210457414,0.210457414
120477,0.247279793,0.211518824,0.219079211,0.219079211
120854,0.233074576,0.197138146,0.218075499,0.218075499
120914,0.23864454,0.215445787,0.238087863,0.238087863
121192,0.248455763,0.213808149,0.259598851,0.259598851
121193,0.236438617,0.210240036,0.1957829,0.1957829
121304,0.202939838,0.231449232,0.265096486,0.265096486
121332,0.248556823,0.216294438,0.170148015,0.170148015
121362,0.254470587,0.195429787,0.222446188,0.222446188
121403,0.23255834,0.203327596,0.214837462,0.214837462
121519,0.244851708,0.229060739,0.271580994,0.271580994
121593,0.26782161,0.230395377,0.289373219,0.289373219
121835,0.222149074,0.195908472,0.206369489,0.206369489
121877,0.245209113,0.224290967,0.18439047,0.18439047
121913,0.276556492,0.195842072,0.212987125,0.212987125
122096,0.255623311,0.245779708,0.29309988,0.29309988
122205,0.238844499,0.243559346,0.230722547,0.230722547
122236,0.251998991,0.210823312,0.164293051,0.164293051
122306,0.245137841,0.220920026,0.198550403,0.198550403
122529,0.255313903,0.190854207,0.277121842,0.277121842
122622,0.273537278,0.188118905,0.119888075,0.119888075
122634,0.227007061,0.187553495,0.164400503,0.164400503
122739,0.21821481,0.202860683,0.248268425,0.248268425
123068,0.235750347,0.198527157,0.168686867,0.168686867
123550,0.275233269,0.198057711,0.160451025,0.160451025
123609,0.257398367,0.193084553,0.264852285,0.264852285
123633,0.222361371,0.207413107,0.275515109,0.275515109
123666,0.2547943,0.221371129,0.190978825,0.190978825
124103,0.305163741,0.200047642,0.327332407,0.327332407
124169,0.229471952,0.209310874,0.167709514,0.167709514
124197,0.203275591,0.1954519,0.184763312,0.184763312
124219,0.244263768,0.202623755,0.235999018,0.235999018
124532,0.230285481,0.211590752,0.220376134,0.220376134
124711,0.254531801,0.21886839,0.195645988,0.195645988
124760,0.244879693,0.198227897,0.245869696,0.245869696
124763,0.248105332,0.21915859,0.173187971,0.173187971
124774,0.272379249,0.227731526,0.237079889,0.237079889
124818,0.236983761,0.172240749,0.225786671,0.225786671
124999,0.319115549,0.243349403,0.197257638,0.197257638
